amount,duration,payments,same_district,frequency,has_disponent,gender,region,nr_inhabitants,nr_municip_inhabitants_499,nr_municip_inhabitants_500_1999,nr_municip_inhabitants_2000_9999,nr_municip_inhabitants_10000,nr_cities,ratio_urban_inhabitants,average_salary,ratio_entrepeneurs,avg_crimes,avg_unemployment,criminality_growth,unemployment_growth,avg_amount_credit,avg_amount_withdrawal,avg_amount_total,min_amount,max_amount,credit_ratio,avg_balance,num_trans,min_balance,std_balance,negative_balance,last_balance,last_balance_negative,age_when_loan,days_between,loan_status,has_card
96396,12,8033,True,2,0,0,7,94812,15,13,8,2,10,0.818,9650.0,0.1,0.030528836012319115,3.525,-0.0019090410496561618,0.29000000000000004,5025.0,0.0,5025.0,1100,9900,1.0,12250.0000,4,1100,7214.741852623696,0,20100.0000,0,45,105,1,False
165960,36,4610,True,1,0,1,2,112709,48,20,7,3,10,0.735,8369.0,0.117,0.024274902625344916,2.05,-0.0020938877995546053,0.52,12401.6875,-9531.0,1435.34375,-54300,36574,0.5,50779.4375,32,700,26082.13899388035,0,52209.0000,0,24,148,0,False
47016,12,3918,False,0,0,0,2,112709,48,20,7,3,10,0.735,8369.0,0.117,0.024274902625344916,2.05,-0.0020938877995546053,0.52,13031.09090909091,-9589.444444444445,2851.85,-29000,47705,0.55,59947.4000,40,200,24036.71870992379,0,58773.0000,0,35,239,0,False
69360,48,1445,False,1,0,1,2,112709,48,20,7,3,10,0.735,8369.0,0.117,0.024274902625344916,2.05,-0.0020938877995546053,0.52,6234.482758620689,-3830.0,730.46875,-13700,17782,0.453125,32917.7344,64,1100,9128.07095455104,0,38665.0000,0,52,450,0,False
127080,60,2118,True,1,0,1,2,77917,85,19,6,1,5,0.535,8390.0,0.132,0.026964590525815933,2.585,0.0005390351271224508,0.6100000000000003,4459.714285714285,-5584.125,807.4090909090909,-14800,19065,0.6363636363636364,29245.7273,22,800,11129.324586146353,0,20273.0000,0,57,170,0,False
74736,36,2076,True,1,0,1,2,77917,85,19,6,1,5,0.535,8390.0,0.132,0.026964590525815933,2.585,0.0005390351271224508,0.6100000000000003,9482.09090909091,-6276.235294117647,-85.46428571428571,-20000,30918,0.39285714285714285,37923.1071,56,700,10296.685319069868,0,33244.0000,0,28,399,0,False
60000,60,1000,False,1,0,1,2,77917,85,19,6,1,5,0.535,8390.0,0.132,0.026964590525815933,2.585,0.0005390351271224508,0.6100000000000003,2850.324324324324,-1755.0714285714287,-162.55140186915887,-7000,11049,0.34579439252336447,24448.1028,107,16141,5064.474608900489,0,16886.0000,0,48,658,0,False
204000,60,3400,True,1,0,1,2,77917,85,19,6,1,5,0.535,8390.0,0.132,0.026964590525815933,2.585,0.0005390351271224508,0.6100000000000003,9459.136363636364,-5637.4,749.5961538461538,-16100,30604,0.4230769230769231,37416.1154,52,400,13156.582739119673,0,37993.0000,0,51,366,0,False
105804,36,2939,False,1,0,0,5,177686,69,27,10,1,9,0.748,10045.0,0.135,0.03629717591706719,1.565,-0.0017390227705052733,0.29000000000000004,8556.5,-7472.4,1270.6363636363637,-15600,26448,0.5454545454545454,40090.3636,22,1000,14295.656738850488,0,34300.0000,0,53,185,0,False
117024,24,4876,True,1,0,1,5,177686,69,27,10,1,9,0.748,10045.0,0.135,0.03629717591706719,1.565,-0.0017390227705052733,0.29000000000000004,5104.833333333333,-16300.0,-3457.1,-24000,29255,0.6,36951.7000,10,800,15139.1067903625,0,53194.0000,0,58,137,0,False
173016,36,4806,True,2,0,0,5,177686,69,27,10,1,9,0.748,10045.0,0.135,0.03629717591706719,1.565,-0.0017390227705052733,0.29000000000000004,13182.575,-13389.414634146342,-267.44444444444446,-62700,49769,0.49382716049382713,61587.7901,81,16256,24327.292981247585,0,101132.0000,0,51,318,0,False
321180,60,5353,True,1,1,1,5,177686,69,27,10,1,9,0.748,10045.0,0.135,0.03629717591706719,1.565,-0.0017390227705052733,0.29000000000000004,16259.266666666666,-9347.25,3043.0,-34000,48180,0.4838709677419355,40566.4516,31,19592,21220.857603050565,0,37184.0000,0,60,233,0,False
421008,48,8771,True,1,0,1,5,177686,69,27,10,1,9,0.748,10045.0,0.135,0.03629717591706719,1.565,-0.0017390227705052733,0.29000000000000004,7264.588235294118,-6630.6,-1006.3571428571429,-16800,31540,0.40476190476190477,36181.0238,42,600,11935.651602074338,0,31168.0000,0,43,304,0,False
274740,60,4579,False,2,0,1,6,86513,38,36,5,1,5,0.505,8288.0,0.11,0.01746558320714806,4.154999999999999,-0.0011790135586559245,0.7299999999999995,17439.909090909092,-14001.363636363636,1719.2727272727273,-32300,63366,0.5,54724.6818,22,600,25508.419101056104,0,41128.0000,0,15,204,0,False
93888,36,2608,True,0,0,0,6,86513,38,36,5,1,5,0.505,8288.0,0.11,0.01746558320714806,4.154999999999999,-0.0011790135586559245,0.7299999999999995,4229.888888888889,-4560.0,1090.642857142857,-12900,15649,0.6428571428571429,38613.0000,14,600,15150.436316206495,0,46766.0000,0,43,156,0,False
4980,12,415,True,1,0,0,6,86513,38,36,5,1,5,0.505,8288.0,0.11,0.01746558320714806,4.154999999999999,-0.0011790135586559245,0.7299999999999995,5326.294117647059,-1939.7058823529412,1693.2941176470588,-8100,15528,0.5,30704.5882,34,11152,7878.340460952745,0,22500.0000,0,41,242,0,False
288468,36,8013,True,1,0,0,6,86513,38,36,5,1,5,0.505,8288.0,0.11,0.01746558320714806,4.154999999999999,-0.0011790135586559245,0.7299999999999995,6845.714285714285,-23300.0,4836.0,-23300,30950,0.9333333333333333,37005.2000,15,600,16677.286810509675,0,48753.0000,0,36,127,0,False
87840,24,3660,True,1,1,0,1,53921,61,22,1,1,2,0.413,8598.0,0.123,0.03219524860443983,3.0149999999999997,0.005155690732738636,0.48999999999999977,7734.384615384615,-18400.0,4249.8,-21600,32938,0.8666666666666667,47926.9333,15,500,20531.030867012552,0,65713.0000,0,13,124,0,False
197748,36,5493,False,1,1,0,1,53921,61,22,1,1,2,0.413,8598.0,0.123,0.03219524860443983,3.0149999999999997,0.005155690732738636,0.48999999999999977,9745.111111111111,-24700.0,1133.8333333333333,-25100,36216,0.75,42522.1667,12,300,20060.601888749225,0,48995.0000,0,23,163,0,False
61656,24,2569,True,2,0,0,1,53921,61,22,1,1,2,0.413,8598.0,0.123,0.03219524860443983,3.0149999999999997,0.005155690732738636,0.48999999999999977,13988.444444444445,-26200.0,6681.454545454545,-31400,47337,0.8181818181818182,44809.8182,11,400,24848.660105886018,0,59696.0000,0,42,167,1,False
44628,12,3719,True,2,0,1,1,53921,61,22,1,1,2,0.413,8598.0,0.123,0.03219524860443983,3.0149999999999997,0.005155690732738636,0.48999999999999977,20579.314285714285,-9897.493506493507,-373.49107142857144,-59000,71565,0.3125,47665.2411,112,900,22462.09356466926,0,32730.0000,0,52,636,0,False
262980,60,4383,True,1,0,0,1,53921,61,22,1,1,2,0.413,8598.0,0.123,0.03219524860443983,3.0149999999999997,0.005155690732738636,0.48999999999999977,10887.59090909091,-4247.916666666667,2990.804347826087,-22300,44022,0.4782608695652174,42679.8261,46,900,17442.217104914493,0,76081.0000,0,30,369,0,False
52788,12,4399,True,1,0,1,5,58796,22,16,7,1,5,0.519,9045.0,0.124,0.03166882100823185,3.365,0.0005782706306551466,0.4700000000000002,3913.529411764706,-1959.8,1160.40625,-5000,11427,0.53125,22240.3125,32,8618,6309.357155435389,0,21029.0000,0,20,244,0,False
87216,48,1817,True,1,0,1,5,58796,22,16,7,1,5,0.519,9045.0,0.124,0.03166882100823185,3.365,0.0005782706306551466,0.4700000000000002,2303.8823529411766,-4282.0,24.153846153846153,-12600,10904,0.6538461538461539,28873.0000,26,20452,6355.091326584597,0,21658.6667,0,30,192,1,False
21396,12,1783,True,1,1,1,5,58796,22,16,7,1,5,0.519,9045.0,0.124,0.03166882100823185,3.365,0.0005782706306551466,0.4700000000000002,4195.666666666667,-3583.65,-448.7014925373134,-14075,16048,0.40298507462686567,29732.1194,67,1000,7805.73442770712,0,24782.0000,0,26,440,0,False
44376,12,3698,True,1,0,1,5,58796,22,16,7,1,5,0.519,9045.0,0.124,0.03166882100823185,3.365,0.0005782706306551466,0.4700000000000002,17008.2,-13315.529411764706,898.71875,-54100,49412,0.46875,52888.7188,32,18021,25575.512519588898,0,68242.0000,0,34,164,0,False
174744,24,7281,True,1,0,0,7,122603,25,21,6,2,8,0.8,8991.0,0.128,0.04270287023971681,1.6999999999999997,0.0006117305449295695,0.6199999999999999,14904.538461538461,-8597.0,2718.5555555555557,-52600,47436,0.48148148148148145,37863.8148,27,1000,29342.698709530778,0,58141.0000,0,45,163,1,False
49320,12,4110,True,0,0,0,7,122603,25,21,6,2,8,0.8,8991.0,0.128,0.04270287023971681,1.6999999999999997,0.0006117305449295695,0.6199999999999999,15614.5625,-7819.620689655172,512.5333333333333,-62700,45628,0.35555555555555557,46276.1778,45,900,24182.221910861972,0,15674.0000,0,48,167,1,False
19044,36,529,True,1,0,0,7,122603,25,21,6,2,8,0.8,8991.0,0.128,0.04270287023971681,1.6999999999999997,0.0006117305449295695,0.6199999999999999,4597.95,-4759.193548387097,-1089.7254901960785,-21200,24126,0.39215686274509803,40907.8627,51,600,9965.172214049833,0,50168.0000,0,22,410,0,False
15192,24,633,True,1,0,0,7,122603,25,21,6,2,8,0.8,8991.0,0.128,0.04270287023971681,1.6999999999999997,0.0006117305449295695,0.6199999999999999,6724.90243902439,-2755.802197802198,188.96212121212122,-14000,21513,0.3106060606060606,29371.9773,132,14269,6879.055925873961,0,17352.0000,0,23,685,0,False
154416,48,3217,True,2,0,0,5,70699,60,13,2,1,4,0.653,8968.0,0.131,0.025813660730703406,3.09,0.002404560177654564,0.52,8987.285714285714,-7983.083333333333,1154.8076923076924,-19200,29103,0.5384615384615384,44333.2308,26,8897,19730.644019095882,0,56018.0000,0,24,176,0,False
21924,36,609,True,1,1,1,6,157042,49,70,18,0,9,0.33899999999999997,8743.0,0.111,0.024047706982845352,2.1550000000000002,0.001496414971790986,0.5500000000000003,7362.8421052631575,-4585.952380952381,1089.725,-17200,21740,0.475,34781.6000,40,1100,10382.650872489165,0,49083.0000,0,33,297,0,False
14628,12,1219,True,1,0,0,6,157042,49,70,18,0,9,0.33899999999999997,8743.0,0.111,0.024047706982845352,2.1550000000000002,0.001496414971790986,0.5500000000000003,5665.136363636364,-2680.16,-130.20833333333334,-14100,23231,0.3055555555555556,33098.5694,72,200,9092.692517477964,0,34910.0000,0,45,399,0,False
121896,24,5079,True,1,0,1,6,157042,49,70,18,0,9,0.33899999999999997,8743.0,0.111,0.024047706982845352,2.1550000000000002,0.001496414971790986,0.5500000000000003,15005.444444444445,-11181.12,-219.30232558139534,-64900,48079,0.4186046511627907,54411.8837,86,600,21918.663482223186,0,41917.0000,0,29,486,0,False
71460,12,5955,True,1,1,1,6,157042,49,70,18,0,9,0.33899999999999997,8743.0,0.111,0.024047706982845352,2.1550000000000002,0.001496414971790986,0.5500000000000003,12260.0,-7286.133333333333,2802.1935483870966,-24300,48487,0.5161290322580645,51209.5806,31,200,18948.740143283667,0,70764.0000,0,49,326,0,False
48672,36,1352,False,1,1,0,6,157042,49,70,18,0,9,0.33899999999999997,8743.0,0.111,0.024047706982845352,2.1550000000000002,0.001496414971790986,0.5500000000000003,2395.689655172414,-1019.1136363636364,337.45205479452056,-5880,12100,0.3972602739726027,23056.1233,73,300,5300.948284111772,0,23117.5000,0,46,415,0,False
417600,60,6960,True,0,0,1,6,157042,49,70,18,0,9,0.33899999999999997,8743.0,0.111,0.024047706982845352,2.1550000000000002,0.001496414971790986,0.5500000000000003,5964.888888888889,-8450.0,198.93333333333334,-31700,36305,0.6,42100.2000,30,200,18124.051288090453,0,58639.0000,0,26,408,0,True
79608,24,3317,True,1,0,1,2,105606,77,26,7,2,7,0.53,8254.0,0.097,0.021262996420657918,3.275,0.0015055962729390376,0.9699999999999998,20320.45,-10437.095238095239,4566.585365853659,-40200,44749,0.4878048780487805,74149.9024,41,800,23718.94640937851,0,103746.0000,0,23,313,0,False
149340,60,2489,True,2,0,1,2,105606,77,26,7,2,7,0.53,8254.0,0.097,0.021262996420657918,3.275,0.0015055962729390376,0.9699999999999998,5598.105263157895,-4324.192307692308,-134.77777777777777,-13200,22404,0.4222222222222222,27695.7111,45,500,10000.062023412593,0,23553.0000,0,31,321,0,False
314520,60,5242,True,2,0,0,2,105606,77,26,7,2,7,0.53,8254.0,0.097,0.021262996420657918,3.275,0.0015055962729390376,0.9699999999999998,15349.733333333334,-14045.82456140351,-1077.1960784313726,-56700,49457,0.4411764705882353,63691.4020,102,6006,28103.16805330932,0,50502.0000,0,39,484,0,False
277884,36,7719,True,1,0,0,2,105606,77,26,7,2,7,0.53,8254.0,0.097,0.021262996420657918,3.275,0.0015055962729390376,0.9699999999999998,13049.92857142857,-9036.666666666666,626.21875,-53200,47031,0.4375,45360.9167,96,1000,28651.563942794743,0,3614.0000,0,15,693,1,False
464520,60,7742,False,2,0,0,4,148545,8,35,12,3,4,0.535,8909.0,0.113,0.023730182772897103,4.785,0.0008751556767309569,1.5499999999999998,14097.923076923076,-10150.03125,719.7413793103449,-41000,47757,0.4482758620689655,49927.1207,58,200,27870.403749768127,0,108084.2500,0,53,257,1,False
89040,60,1484,True,1,1,0,4,148545,8,35,12,3,4,0.535,8909.0,0.113,0.023730182772897103,4.785,0.0008751556767309569,1.5499999999999998,3194.3333333333335,-2855.625,467.59154929577466,-11400,15843,0.5492957746478874,29832.9014,71,800,8720.677080178955,0,29306.0000,0,24,392,0,False
173808,24,7242,True,0,1,0,4,148545,8,35,12,3,4,0.535,8909.0,0.113,0.023730182772897103,4.785,0.0008751556767309569,1.5499999999999998,23936.782608695652,-10747.886363636364,1158.7910447761194,-38200,74522,0.34328358208955223,58693.1045,67,1000,24397.109234885495,0,94432.0000,0,37,383,0,False
48744,36,1354,True,1,0,0,4,148545,8,35,12,3,4,0.535,8909.0,0.113,0.023730182772897103,4.785,0.0008751556767309569,1.5499999999999998,9019.25,-14850.0,4245.4,-16700,28604,0.8,43645.8000,10,19969,15810.822893195662,0,52172.0000,0,32,134,0,False
95400,36,2650,False,2,0,1,1,95616,65,30,4,1,6,0.514,9307.0,0.118,0.029576639892904953,4.14,0.004434404283801874,0.5799999999999996,10872.55,-7921.727272727273,1027.9285714285713,-33500,35760,0.47619047619047616,41739.0952,42,200,22962.438181278245,0,27682.0000,0,22,268,0,False
174744,24,7281,False,1,0,0,1,95616,65,30,4,1,6,0.514,9307.0,0.118,0.029576639892904953,4.14,0.004434404283801874,0.5799999999999996,11480.0,-5703.741379310345,646.7717391304348,-37500,46739,0.3695652173913043,28390.0000,92,-1369,23859.374317117956,1,-1369.0000,1,15,452,1,False
538500,60,8975,True,1,0,1,1,95616,65,30,4,1,6,0.514,9307.0,0.118,0.029576639892904953,4.14,0.004434404283801874,0.5799999999999996,8993.722222222223,-6972.931034482759,-858.0425531914893,-23800,32082,0.3829787234042553,34079.8936,47,200,13976.767137896393,0,27876.0000,0,34,336,0,False
285600,60,4760,True,2,1,0,1,95616,65,30,4,1,6,0.514,9307.0,0.118,0.029576639892904953,4.14,0.004434404283801874,0.5799999999999996,12029.285714285714,-9661.42857142857,1183.9285714285713,-33600,42729,0.5,52197.7619,42,14000,26185.34005599455,0,28194.0000,0,14,252,0,False
155640,24,6485,True,1,0,0,1,95616,65,30,4,1,6,0.514,9307.0,0.118,0.029576639892904953,4.14,0.004434404283801874,0.5799999999999996,6789.684210526316,-4030.523076923077,-1583.095238095238,-21700,34486,0.2261904761904762,42761.6548,84,500,12852.969309050031,0,40502.0000,0,53,412,0,False
259740,60,4329,True,1,0,1,4,228848,15,40,18,2,6,0.5720000000000001,9893.0,0.096,0.025147696287492135,4.404999999999999,0.00115360413899182,0.6299999999999999,9937.5,-13950.0,5160.0,-16200,25973,0.8,39763.7000,10,800,17957.28504006104,0,40674.0000,0,14,155,0,False
239460,60,3991,False,1,0,0,4,228848,15,40,18,2,6,0.5720000000000001,9893.0,0.096,0.025147696287492135,4.404999999999999,0.00115360413899182,0.6299999999999999,9516.5,-7159.333333333333,-489.0,-23100,35918,0.4,39401.1714,35,300,15803.829117356725,0,36241.0000,0,51,274,0,False
76680,24,3195,True,1,1,1,4,228848,15,40,18,2,6,0.5720000000000001,9893.0,0.096,0.025147696287492135,4.404999999999999,0.00115360413899182,0.6299999999999999,11166.938775510203,-7460.149253731343,408.1896551724138,-38700,57554,0.4224137931034483,64984.5690,116,1000,20425.657961893863,0,32674.0000,0,46,545,0,False
68400,12,5700,True,1,0,0,4,228848,15,40,18,2,6,0.5720000000000001,9893.0,0.096,0.025147696287492135,4.404999999999999,0.00115360413899182,0.6299999999999999,7743.375,-7760.0,1780.5384615384614,-15800,31037,0.6153846153846154,34177.7692,13,23798,8464.21390010588,0,23946.0000,0,18,167,1,False
99336,24,4139,True,1,0,0,4,228848,15,40,18,2,6,0.5720000000000001,9893.0,0.096,0.025147696287492135,4.404999999999999,0.00115360413899182,0.6299999999999999,5158.380952380952,-2746.2631578947367,1403.675,-11900,16866,0.525,26860.8250,40,300,8384.306920931209,0,30831.5000,0,15,330,0,False
141948,36,3943,True,1,0,0,4,228848,15,40,18,2,6,0.5720000000000001,9893.0,0.096,0.025147696287492135,4.404999999999999,0.00115360413899182,0.6299999999999999,6600.166666666667,-16200.0,3343.0,-16200,19227,0.8571428571428571,29790.5714,7,800,15789.137992006157,0,47240.0000,0,45,114,0,False
38148,12,3179,True,1,0,0,0,1204953,0,0,0,1,1,1.0,12541.0,0.167,0.07667684963645885,0.36,0.01114566294286997,0.14,7657.3125,-9421.57142857143,2459.391304347826,-20600,32706,0.6956521739130435,37730.0435,23,22704,10898.090784042866,0,56841.0000,0,28,171,0,False
80952,24,3373,True,1,1,1,0,1204953,0,0,0,1,1,1.0,12541.0,0.167,0.07667684963645885,0.36,0.01114566294286997,0.14,8841.0,-6503.458333333333,276.6511627906977,-22400,30354,0.4418604651162791,33391.9535,43,1100,11880.246587280117,0,27848.0000,0,48,313,0,False
80952,24,3373,True,1,1,1,0,1204953,0,0,0,1,1,1.0,12541.0,0.167,0.07667684963645885,0.36,0.01114566294286997,0.14,8841.473684210527,-6619.807692307692,-91.71111111111111,-22400,30354,0.4222222222222222,32603.7778,45,1100,11473.169258731703,0,28756.5000,0,48,313,0,False
24516,12,2043,True,1,0,1,0,1204953,0,0,0,1,1,1.0,12541.0,0.167,0.07667684963645885,0.36,0.01114566294286997,0.14,20721.037037037036,-12843.25,1541.4444444444443,-59200,49536,0.42857142857142855,55581.0952,63,200,29696.760490695335,0,78663.5000,0,35,317,0,False
80340,12,6695,False,1,1,0,0,1204953,0,0,0,1,1,1.0,12541.0,0.167,0.07667684963645885,0.36,0.01114566294286997,0.14,19328.85714285714,-10704.375,3311.133333333333,-39200,61260,0.4666666666666667,59402.0667,45,1100,26041.862535711396,0,89343.0000,0,18,319,0,False
288360,60,4806,True,0,0,1,0,1204953,0,0,0,1,1,1.0,12541.0,0.167,0.07667684963645885,0.36,0.01114566294286997,0.14,5362.142857142857,-10600.0,1815.0,-15200,26058,0.7777777777777778,30402.4444,9,800,14124.650824483424,0,43381.5000,0,58,107,0,False
131292,36,3647,True,2,0,1,0,1204953,0,0,0,1,1,1.0,12541.0,0.167,0.07667684963645885,0.36,0.01114566294286997,0.14,11053.24,-5280.6511627906975,724.4558823529412,-19300,32823,0.36764705882352944,35301.9265,68,1000,11857.237023557755,0,31361.0000,0,40,425,0,False
120888,36,3358,True,2,0,0,0,1204953,0,0,0,1,1,1.0,12541.0,0.167,0.07667684963645885,0.36,0.01114566294286997,0.14,11194.53125,-7277.547169811321,-323.3529411764706,-49200,48618,0.3764705882352941,40513.2706,85,600,21252.309548341953,0,63114.0000,0,50,496,0,False
323472,48,6739,True,1,0,0,0,1204953,0,0,0,1,1,1.0,12541.0,0.167,0.07667684963645885,0.36,0.01114566294286997,0.14,12318.818181818182,-10970.608695652174,415.3333333333333,-33900,44802,0.4888888888888889,45951.4889,45,200,25715.628394354728,0,77513.5000,0,53,415,0,False
209184,48,4358,False,1,0,1,0,1204953,0,0,0,1,1,1.0,12541.0,0.167,0.07667684963645885,0.36,0.01114566294286997,0.14,16493.85,-11449.305555555555,-1469.607142857143,-61800,54645,0.35714285714285715,45699.0893,56,18298,18986.966518675745,0,44255.0000,0,41,391,0,False
87816,12,7318,False,1,1,1,0,1204953,0,0,0,1,1,1.0,12541.0,0.167,0.07667684963645885,0.36,0.01114566294286997,0.14,4050.344827586207,-3925.972222222222,-367.3076923076923,-10300,14886,0.4461538461538462,25116.2308,65,10724,6060.372554603529,0,15666.0000,0,33,476,0,False
11736,24,489,True,1,0,1,0,1204953,0,0,0,1,1,1.0,12541.0,0.167,0.07667684963645885,0.36,0.01114566294286997,0.14,9510.96875,-3953.086956521739,312.7524752475247,-22500,33098,0.31683168316831684,41065.6238,101,1100,11302.454255385373,0,26984.0000,0,56,528,0,False
205200,36,5700,False,2,0,0,0,1204953,0,0,0,1,1,1.0,12541.0,0.167,0.07667684963645885,0.36,0.01114566294286997,0.14,13245.827586206897,-5564.7464788732395,-109.68,-20200,51303,0.29,56656.9700,100,900,17113.01691079338,0,54586.0000,0,31,541,0,False
482940,60,8049,True,1,0,0,0,1204953,0,0,0,1,1,1.0,12541.0,0.167,0.07667684963645885,0.36,0.01114566294286997,0.14,4579.132075471698,-3640.3454545454547,393.287037037037,-15800,21056,0.49074074074074076,27077.2593,108,900,10116.458140236384,0,23092.0000,0,18,477,1,False
31248,12,2604,True,1,0,0,0,1204953,0,0,0,1,1,1.0,12541.0,0.167,0.07667684963645885,0.36,0.01114566294286997,0.14,15472.148936170213,-10349.516666666666,992.7102803738318,-64100,45454,0.4392523364485981,63851.9346,107,1000,29441.93405727795,0,53922.0000,0,55,570,0,False
76380,12,6365,True,1,0,0,0,1204953,0,0,0,1,1,1.0,12541.0,0.167,0.07667684963645885,0.36,0.01114566294286997,0.14,3602.6875,-2676.4761904761904,38.83783783783784,-8700,12861,0.43243243243243246,25819.3784,37,1100,8205.196792117198,0,23164.0000,0,37,246,0,False
270648,36,7518,True,2,0,1,0,1204953,0,0,0,1,1,1.0,12541.0,0.167,0.07667684963645885,0.36,0.01114566294286997,0.14,13069.941176470587,-11035.2,2855.898305084746,-52700,46815,0.576271186440678,62926.6102,59,19056,28323.19546154912,0,50997.0000,0,57,307,1,False
76416,24,3184,True,1,1,1,0,1204953,0,0,0,1,1,1.0,12541.0,0.167,0.07667684963645885,0.36,0.01114566294286997,0.14,7593.191489361702,-4597.855263157895,60.51219512195122,-21400,28659,0.3821138211382114,32437.3821,123,8686,11979.835590386381,0,12263.0000,0,57,669,0,False
316140,60,5269,True,1,0,1,0,1204953,0,0,0,1,1,1.0,12541.0,0.167,0.07667684963645885,0.36,0.01114566294286997,0.14,4235.388888888889,-3120.4615384615386,217.48739495798318,-9500,13352,0.453781512605042,18564.2521,119,800,7028.5330267328,0,12819.0000,0,26,683,1,False
168984,24,7041,True,1,0,1,0,1204953,0,0,0,1,1,1.0,12541.0,0.167,0.07667684963645885,0.36,0.01114566294286997,0.14,11681.71875,-9319.808823529413,862.75,-55200,49960,0.48484848484848486,56134.0909,132,-518,27845.13342754522,1,24304.0000,0,18,571,1,False
15420,12,1285,False,1,0,0,0,1204953,0,0,0,1,1,1.0,12541.0,0.167,0.07667684963645885,0.36,0.01114566294286997,0.14,3773.8536585365855,-2171.815789473684,-88.2905982905983,-11840,13881,0.3504273504273504,24501.3162,117,1000,7017.596762339377,0,31867.0000,0,29,667,0,False
31728,24,1322,True,1,1,1,0,1204953,0,0,0,1,1,1.0,12541.0,0.167,0.07667684963645885,0.36,0.01114566294286997,0.14,5678.9375,-3737.6923076923076,-631.1752577319587,-19680,22268,0.32989690721649484,30654.4124,97,600,9489.640026362971,0,36043.0000,0,44,568,0,False
18564,12,1547,True,1,0,0,0,1204953,0,0,0,1,1,1.0,12541.0,0.167,0.07667684963645885,0.36,0.01114566294286997,0.14,6482.75,-6933.333333333333,2823.818181818182,-12400,17069,0.7272727272727273,35735.7273,11,200,14427.833089306674,0,43266.0000,0,32,128,0,False
187224,24,7801,False,1,0,1,0,1204953,0,0,0,1,1,1.0,12541.0,0.167,0.07667684963645885,0.36,0.01114566294286997,0.14,14112.685714285713,-9019.560975609756,1633.4473684210527,-51900,46293,0.4605263157894737,44422.4342,76,-243,22159.064495106817,1,50839.5000,0,47,504,1,False
87216,48,1817,False,1,0,0,0,1204953,0,0,0,1,1,1.0,12541.0,0.167,0.07667684963645885,0.36,0.01114566294286997,0.14,5018.054054054054,-2015.5185185185185,189.92372881355934,-9900,15608,0.3135593220338983,30129.7627,118,700,6371.221610342956,0,26795.0000,0,41,616,0,False
36168,12,3014,True,1,0,1,0,1204953,0,0,0,1,1,1.0,12541.0,0.167,0.07667684963645885,0.36,0.01114566294286997,0.14,6092.272727272727,-5162.8,-401.03846153846155,-18500,27122,0.4230769230769231,37394.8846,26,300,14228.404746862263,0,29138.0000,0,34,202,0,False
231696,36,6436,True,2,1,1,0,1204953,0,0,0,1,1,1.0,12541.0,0.167,0.07667684963645885,0.36,0.01114566294286997,0.14,13183.84,-7131.180555555556,-1895.3505154639174,-36000,60566,0.25773195876288657,41849.8454,97,800,19133.22935129029,0,47175.0000,0,22,476,0,False
419880,60,6998,True,2,1,0,0,1204953,0,0,0,1,1,1.0,12541.0,0.167,0.07667684963645885,0.36,0.01114566294286997,0.14,16920.9,-37620.0,-1259.4,-64800,41988,0.6666666666666666,61510.6667,15,200,28173.23006843356,0,24704.0000,0,50,156,0,False
31176,24,1299,True,1,0,1,0,1204953,0,0,0,1,1,1.0,12541.0,0.167,0.07667684963645885,0.36,0.01114566294286997,0.14,9957.0,-7134.8,1818.047619047619,-16900,29418,0.5238095238095238,46672.1429,21,700,15357.070864947535,0,50647.0000,0,27,173,0,False
125340,60,2089,True,2,0,1,0,1204953,0,0,0,1,1,1.0,12541.0,0.167,0.07667684963645885,0.36,0.01114566294286997,0.14,10714.333333333334,-9371.017543859649,400.23423423423424,-45200,49974,0.4864864864864865,52342.8649,111,500,22985.629374818374,0,19007.0000,0,51,476,0,False
247728,48,5161,True,2,0,1,0,1204953,0,0,0,1,1,1.0,12541.0,0.167,0.07667684963645885,0.36,0.01114566294286997,0.14,12730.611111111111,-10721.333333333334,102.64102564102564,-57900,48569,0.46153846153846156,63307.7179,39,24694,21885.883647296745,0,46841.0000,0,16,215,0,False
320976,48,6687,True,1,0,1,0,1204953,0,0,0,1,1,1.0,12541.0,0.167,0.07667684963645885,0.36,0.01114566294286997,0.14,7980.722222222223,-13503.863636363636,-3835.8,-49700,46714,0.45,44921.7000,40,1000,23121.90354642109,0,46462.0000,0,59,251,1,False
20196,36,561,True,1,0,1,0,1204953,0,0,0,1,1,1.0,12541.0,0.167,0.07667684963645885,0.36,0.01114566294286997,0.14,10672.5,-5658.68085106383,438.29333333333335,-24500,35469,0.37333333333333335,52435.8267,75,22646,13896.250865489666,0,48181.0000,0,25,523,0,False
258444,36,7179,True,2,0,1,0,1204953,0,0,0,1,1,1.0,12541.0,0.167,0.07667684963645885,0.36,0.01114566294286997,0.14,8015.727272727273,-10625.0,3044.866666666667,-14600,31830,0.7333333333333333,39290.6667,15,600,16298.28329882902,0,53892.0000,0,30,205,0,False
71460,36,1985,True,1,1,0,0,1204953,0,0,0,1,1,1.0,12541.0,0.167,0.07667684963645885,0.36,0.01114566294286997,0.14,9487.25,-8686.416666666666,400.4166666666667,-26600,33669,0.5,50940.5417,24,12000,14140.380690829976,0,49656.5000,0,16,240,0,False
68832,36,1912,True,1,0,1,0,1204953,0,0,0,1,1,1.0,12541.0,0.167,0.07667684963645885,0.36,0.01114566294286997,0.14,5715.928571428572,-7578.0,-2104.029411764706,-24000,28353,0.4117647058823529,37191.0588,34,18032,9304.662486976076,0,53041.0000,0,37,330,0,False
101520,12,8460,True,1,0,0,0,1204953,0,0,0,1,1,1.0,12541.0,0.167,0.07667684963645885,0.36,0.01114566294286997,0.14,3744.769230769231,-4059.076923076923,-157.15384615384616,-10000,18513,0.5,26040.1538,26,400,10606.805542786444,0,16728.0000,0,19,245,0,False
77184,36,2144,True,1,0,0,0,1204953,0,0,0,1,1,1.0,12541.0,0.167,0.07667684963645885,0.36,0.01114566294286997,0.14,16356.41935483871,-14591.114285714286,-55.15151515151515,-63600,48447,0.4696969696969697,52950.3333,66,6477,29565.59130205929,0,22446.0000,0,41,573,0,False
70656,48,1472,True,1,0,1,0,1204953,0,0,0,1,1,1.0,12541.0,0.167,0.07667684963645885,0.36,0.01114566294286997,0.14,2787.5416666666665,-3431.470588235294,208.9268292682927,-12700,14878,0.5853658536585366,32153.3171,41,600,12909.555824364812,0,22476.0000,0,44,273,0,False
110136,24,4589,True,1,0,0,0,1204953,0,0,0,1,1,1.0,12541.0,0.167,0.07667684963645885,0.36,0.01114566294286997,0.14,12490.952380952382,-10964.307692307691,-484.29787234042556,-60700,39807,0.44680851063829785,53298.1702,47,11500,27777.83277648315,0,45645.0000,0,38,553,0,False
228276,36,6341,True,1,1,1,0,1204953,0,0,0,1,1,1.0,12541.0,0.167,0.07667684963645885,0.36,0.01114566294286997,0.14,6850.6,-6119.166666666667,1986.9375,-9100,22288,0.625,43076.5000,16,22788,11950.644527597664,0,53708.0000,0,35,166,0,False
86616,12,7218,True,1,0,1,1,75637,35,36,9,0,7,0.365,9622.0,0.154,0.04630009122519402,0.52,0.0007139363010166982,0.13999999999999996,3023.5,-2200.0,2443.1111111111113,-2200,11906,0.8888888888888888,26641.7778,9,16536,6432.384433953931,0,30435.5000,0,32,125,0,False
149040,48,3105,True,1,0,0,1,75637,35,36,9,0,7,0.365,9622.0,0.154,0.04630009122519402,0.52,0.0007139363010166982,0.13999999999999996,6630.8125,-4787.5,-981.3958333333334,-15900,27946,0.3333333333333333,35755.8542,48,200,12578.988704697183,0,19041.0000,0,25,292,0,False
52128,24,2172,False,1,0,0,1,75637,35,36,9,0,7,0.365,9622.0,0.154,0.04630009122519402,0.52,0.0007139363010166982,0.13999999999999996,6202.378378378378,-5464.925925925926,1280.234375,-27300,44473,0.578125,33618.0156,64,144,20130.937706745826,0,58777.0000,0,34,264,0,False
111384,24,4641,False,1,0,1,1,75637,35,36,9,0,7,0.365,9622.0,0.154,0.04630009122519402,0.52,0.0007139363010166982,0.13999999999999996,19059.375,-11953.38961038961,-44.488,-61700,49388,0.384,66104.8240,125,500,26814.135750253517,0,20567.5000,0,27,472,0,False
50460,60,841,True,1,0,0,1,75637,35,36,9,0,7,0.365,9622.0,0.154,0.04630009122519402,0.52,0.0007139363010166982,0.13999999999999996,8745.333333333334,-5171.368421052632,1598.918918918919,-15000,22928,0.4864864864864865,38216.5676,37,16085,9087.081071917251,0,42131.0000,0,46,269,0,False
260028,36,7223,True,1,0,1,1,75637,35,36,9,0,7,0.365,9622.0,0.154,0.04630009122519402,0.52,0.0007139363010166982,0.13999999999999996,18758.2,-7174.590361445783,1258.8373983739837,-25400,65008,0.3252032520325203,51638.8862,123,200,20181.543894224855,0,69851.0000,0,18,689,0,False
137904,24,5746,True,1,0,1,1,75637,35,36,9,0,7,0.365,9622.0,0.154,0.04630009122519402,0.52,0.0007139363010166982,0.13999999999999996,4572.0,-6866.666666666667,1140.4,-9000,11878,0.7,27837.1000,10,600,11570.046849084061,0,35160.0000,0,27,129,1,False
75624,24,3151,True,1,0,1,6,387570,0,0,0,1,1,1.0,9897.0,0.14,0.04827128002683386,1.78,-6.450447661067678e-05,0.3599999999999999,11677.066666666668,-17740.0,4322.8,-31100,49887,0.75,50400.6500,20,400,21431.801112540685,0,41955.0000,0,35,196,1,False
208128,48,4336,True,1,0,1,6,387570,0,0,0,1,1,1.0,9897.0,0.14,0.04827128002683386,1.78,-6.450447661067678e-05,0.3599999999999999,8499.73076923077,-7762.586206896552,-74.94545454545455,-36500,47493,0.4727272727272727,33833.4909,55,-1070,21293.158521308054,1,42546.0000,0,42,439,1,False
23052,12,1921,True,1,1,0,6,387570,0,0,0,1,1,1.0,9897.0,0.14,0.04827128002683386,1.78,-6.450447661067678e-05,0.3599999999999999,5646.138888888889,-2343.8229166666665,-164.74242424242425,-24000,20812,0.2727272727272727,23840.3106,132,700,8019.377518853163,0,28532.0000,0,53,617,0,False
100980,60,1683,True,1,0,1,6,387570,0,0,0,1,1,1.0,9897.0,0.14,0.04827128002683386,1.78,-6.450447661067678e-05,0.3599999999999999,6911.0,-3933.896551724138,977.0,-22900,20922,0.4528301886792453,34281.1132,53,600,9617.65851287115,0,47138.0000,0,29,385,0,False
113796,36,3161,True,0,1,1,6,387570,0,0,0,1,1,1.0,9897.0,0.14,0.04827128002683386,1.78,-6.450447661067678e-05,0.3599999999999999,5465.6875,-4648.675675675676,-1595.2830188679245,-21074,28446,0.3018867924528302,35523.6604,53,500,11116.673214426812,0,34054.0000,0,24,356,0,False
56100,60,935,True,1,0,1,6,387570,0,0,0,1,1,1.0,9897.0,0.14,0.04827128002683386,1.78,-6.450447661067678e-05,0.3599999999999999,4212.291666666667,-2712.0,365.462962962963,-10700,13986,0.4444444444444444,20147.7407,54,1000,8675.783408292269,0,21623.0000,0,37,405,0,False
11400,12,950,True,1,0,0,6,387570,0,0,0,1,1,1.0,9897.0,0.14,0.04827128002683386,1.78,-6.450447661067678e-05,0.3599999999999999,3321.8695652173915,-1642.9117647058824,360.42105263157896,-6700,10734,0.40350877192982454,27159.1579,57,7456,5533.904274463816,0,27820.0000,0,16,357,0,False
179328,48,3736,True,1,0,1,6,387570,0,0,0,1,1,1.0,9897.0,0.14,0.04827128002683386,1.78,-6.450447661067678e-05,0.3599999999999999,9243.64705882353,-6978.833333333333,-1111.127659574468,-23040,34960,0.3617021276595745,43607.8723,47,200,14205.010489435748,0,36075.0000,0,23,311,0,False
253200,60,4220,False,2,0,0,2,139012,59,41,8,3,10,0.619,8363.0,0.108,0.01928970160849423,3.005,0.0016905015394354445,0.9700000000000002,14521.111111111111,-10181.4,1519.7894736842106,-42600,46304,0.47368421052631576,49281.9737,38,15124,25614.995119519186,0,81151.0000,0,43,255,0,False
91632,12,7636,False,1,1,0,2,139012,59,41,8,3,10,0.619,8363.0,0.108,0.01928970160849423,3.005,0.0016905015394354445,0.9700000000000002,8513.217391304348,-4357.405405405405,576.3333333333334,-18300,26378,0.38333333333333336,42068.8833,60,18285,9395.286462000804,0,33062.0000,0,31,365,0,False
199680,60,3328,False,1,0,1,2,139012,59,41,8,3,10,0.619,8363.0,0.108,0.01928970160849423,3.005,0.0016905015394354445,0.9700000000000002,8486.0,-5367.394736842105,129.984126984127,-21200,29954,0.3968253968253968,32517.0794,63,500,10793.993785936882,0,19931.5000,0,45,412,0,False
158976,48,3312,True,1,0,1,2,139012,59,41,8,3,10,0.619,8363.0,0.108,0.01928970160849423,3.005,0.0016905015394354445,0.9700000000000002,11819.40909090909,-6478.364864864865,344.53389830508473,-37300,42994,0.3728813559322034,50649.5085,118,11200,22434.934136843473,0,18886.5000,0,56,518,0,False
27984,12,2332,True,2,0,1,2,139012,59,41,8,3,10,0.619,8363.0,0.108,0.01928970160849423,3.005,0.0016905015394354445,0.9700000000000002,7931.7307692307695,-5922.205882352941,81.16666666666667,-25700,47513,0.43333333333333335,33062.9333,60,10101,15764.818958540427,0,26598.0000,0,46,519,0,False
290700,60,4845,True,1,0,0,2,139012,59,41,8,3,10,0.619,8363.0,0.108,0.01928970160849423,3.005,0.0016905015394354445,0.9700000000000002,16319.216216216217,-11933.377358490567,-318.4222222222222,-56400,49763,0.4111111111111111,59115.3889,90,-2825,31334.814058166623,1,11575.0000,0,37,392,1,False
133968,48,2791,True,1,1,1,2,139012,59,41,8,3,10,0.619,8363.0,0.108,0.01928970160849423,3.005,0.0016905015394354445,0.9700000000000002,14248.631578947368,-5961.35,546.9491525423729,-60800,49512,0.3220338983050847,46011.1356,59,200,22583.944239333912,0,34730.0000,0,53,261,0,True
141648,24,5902,True,1,1,1,2,139012,59,41,8,3,10,0.619,8363.0,0.108,0.01928970160849423,3.005,0.0016905015394354445,0.9700000000000002,8995.285714285714,-20433.333333333332,166.7,-34600,35111,0.7,53150.7000,10,20435,32315.846645415313,0,106010.0000,0,44,200,0,False
72120,12,6010,True,1,1,0,2,139012,59,41,8,3,10,0.619,8363.0,0.108,0.01928970160849423,3.005,0.0016905015394354445,0.9700000000000002,14064.266666666666,-8963.3125,-106.55128205128206,-50700,54092,0.38461538461538464,76722.8077,78,1000,20036.55743184013,0,98632.0000,0,44,616,0,False
21072,24,878,False,1,0,0,5,74062,99,15,4,2,7,0.614,8114.0,0.119,0.014744403337744053,2.5,0.0024033917528557157,0.2400000000000002,1526.4444444444443,-4150.0,494.3636363636364,-5700,6492,0.8181818181818182,21899.4545,11,7592,6299.698800355984,0,30867.0000,0,29,135,0,False
97224,24,4051,False,1,1,0,5,74062,99,15,4,2,7,0.614,8114.0,0.119,0.014744403337744053,2.5,0.0024033917528557157,0.2400000000000002,4206.142857142857,-2997.35593220339,-315.20212765957444,-11700,16257,0.3723404255319149,21860.0426,94,1000,7161.028567679744,0,23080.0000,0,43,531,0,False
85716,36,2381,True,1,1,1,5,74062,99,15,4,2,7,0.614,8114.0,0.119,0.014744403337744053,2.5,0.0024033917528557157,0.2400000000000002,5419.083333333333,-12800.0,1775.2666666666667,-15900,21430,0.8,32623.8667,15,15087,9029.936875871404,0,36517.0000,0,58,153,0,False
108144,36,3004,False,1,1,0,6,108871,41,29,7,2,6,0.621,8444.0,0.106,0.022503697035941617,3.3550000000000004,-0.0026637029144583957,0.22999999999999998,17146.81818181818,-11666.866666666667,523.5384615384615,-60600,45740,0.4230769230769231,54997.2115,52,900,25837.71618594127,0,21921.0000,0,30,256,0,False
177744,48,3703,False,1,0,1,6,108871,41,29,7,2,6,0.621,8444.0,0.106,0.022503697035941617,3.3550000000000004,-0.0026637029144583957,0.22999999999999998,8374.53125,-5294.854545454546,-267.0344827586207,-26000,45056,0.367816091954023,25954.4598,87,-2486,21172.947859308097,1,14231.0000,0,22,511,1,False
148920,60,2482,True,2,0,1,6,108871,41,29,7,2,6,0.621,8444.0,0.106,0.022503697035941617,3.3550000000000004,-0.0026637029144583957,0.22999999999999998,6376.166666666667,-6688.615384615385,-417.52,-22780,14892,0.48,33221.9600,25,15279,12277.281863604823,0,15279.0000,0,19,201,0,False
253512,36,7042,True,2,0,0,6,108871,41,29,7,2,6,0.621,8444.0,0.106,0.022503697035941617,3.3550000000000004,-0.0026637029144583957,0.22999999999999998,10095.307692307691,-11005.3,921.1304347826087,-30200,36266,0.5652173913043478,34131.5217,23,300,21165.924607973004,0,13318.0000,0,51,213,1,False
78936,12,6578,False,1,0,0,7,51313,34,12,3,1,4,0.5920000000000001,8930.0,0.108,0.027088651998518894,3.8600000000000003,0.0024165416171340595,0.6800000000000002,3961.714285714286,-2690.4,346.4347826086956,-6300,11416,0.45652173913043476,25957.1304,46,900,7881.781694429181,0,25788.0000,0,37,273,0,False
63312,48,1319,False,1,0,0,7,51313,34,12,3,1,4,0.5920000000000001,8930.0,0.108,0.027088651998518894,3.8600000000000003,0.0024165416171340595,0.6800000000000002,2413.8076923076924,-1445.6176470588234,226.8,-4600,10500,0.43333333333333335,22316.3667,60,500,5705.161735851335,0,27654.0000,0,38,402,0,False
208320,48,4340,False,2,1,0,7,51313,34,12,3,1,4,0.5920000000000001,8930.0,0.108,0.027088651998518894,3.8600000000000003,0.0024165416171340595,0.6800000000000002,10839.074074074075,-6640.1578947368425,620.4461538461538,-29700,39060,0.4153846153846154,43758.7538,65,20021,15653.627618916837,0,44198.0000,0,26,479,0,False
224604,36,6239,True,1,1,1,7,51313,34,12,3,1,4,0.5920000000000001,8930.0,0.108,0.027088651998518894,3.8600000000000003,0.0024165416171340595,0.6800000000000002,16172.392857142857,-11765.78431372549,-1863.6455696202531,-40000,56152,0.35443037974683544,55078.3671,79,200,20282.115549018225,0,40287.0000,0,18,519,0,False
164052,36,4557,True,0,0,0,7,51313,34,12,3,1,4,0.5920000000000001,8930.0,0.108,0.027088651998518894,3.8600000000000003,0.0024165416171340595,0.6800000000000002,14324.28,-8623.846153846154,2625.235294117647,-41400,48181,0.49019607843137253,42626.1176,51,-1442,31462.94916847936,1,10011.0000,0,19,367,1,False
115992,36,3222,False,2,0,1,7,51313,34,12,3,1,4,0.5920000000000001,8930.0,0.108,0.027088651998518894,3.8600000000000003,0.0024165416171340595,0.6800000000000002,6767.166666666667,-5136.830769230769,-893.8217821782179,-60600,43602,0.3564356435643564,25296.2574,101,200,16207.100517404606,0,13691.0000,0,57,613,0,False
92976,24,3874,True,2,1,0,7,51313,34,12,3,1,4,0.5920000000000001,8930.0,0.108,0.027088651998518894,3.8600000000000003,0.0024165416171340595,0.6800000000000002,11407.026315789473,-10098.15909090909,-132.34146341463415,-45500,48996,0.4634146341463415,50518.0366,82,300,25868.425090627243,0,34933.0000,0,25,569,0,False
104712,24,4363,True,2,1,0,7,51313,34,12,3,1,4,0.5920000000000001,8930.0,0.108,0.027088651998518894,3.8600000000000003,0.0024165416171340595,0.6800000000000002,10642.552631578947,-11053.58695652174,-1238.6666666666667,-44800,48709,0.4523809523809524,52511.8333,84,911,24896.575979837897,0,30115.0000,0,25,569,0,False
72408,24,3017,True,0,0,0,7,51313,34,12,3,1,4,0.5920000000000001,8930.0,0.108,0.027088651998518894,3.8600000000000003,0.0024165416171340595,0.6800000000000002,10683.5,-19600.0,2424.3636363636365,-32700,49634,0.7272727272727273,42391.7273,11,700,16856.40784061824,0,50364.0000,0,37,126,1,False
202788,36,5633,True,2,0,0,7,51313,34,12,3,1,4,0.5920000000000001,8930.0,0.108,0.027088651998518894,3.8600000000000003,0.0024165416171340595,0.6800000000000002,18254.9,-11568.720930232557,-2100.904761904762,-45200,72298,0.31746031746031744,53522.8571,63,1100,20391.719227252117,0,93618.0000,0,42,387,0,False
61560,12,5130,True,2,0,1,7,51313,34,12,3,1,4,0.5920000000000001,8930.0,0.108,0.027088651998518894,3.8600000000000003,0.0024165416171340595,0.6800000000000002,12605.625,-6187.542857142857,-291.6470588235294,-23496,46166,0.3137254901960784,32638.1176,51,6214,17289.763883946755,0,20051.0000,0,53,326,0,False
300660,60,5011,True,1,0,1,3,128118,9,16,6,3,8,0.853,9317.0,0.097,0.053938556643094646,6.78,-0.0006010084453394527,0.5800000000000001,10827.6,-7840.5161290322585,-519.6862745098039,-43500,44519,0.39215686274509803,43108.9020,51,800,29363.88671531076,0,33919.0000,0,44,304,0,False
48624,24,2026,False,1,0,1,3,128118,9,16,6,3,8,0.853,9317.0,0.097,0.053938556643094646,6.78,-0.0006010084453394527,0.5800000000000001,13181.536585365853,-11266.354166666666,-3.842696629213483,-52900,41561,0.4606741573033708,65354.8427,89,200,25581.85186341623,0,47994.0000,0,33,521,0,False
186384,48,3883,True,2,0,1,3,128118,9,16,6,3,8,0.853,9317.0,0.097,0.053938556643094646,6.78,-0.0006010084453394527,0.5800000000000001,12032.285714285714,-11303.180722891566,-72.9875,-60600,49424,0.48125,61053.7188,160,700,27220.21269552552,0,20999.6667,0,37,645,0,False
88440,12,7370,True,0,1,0,3,128118,9,16,6,3,8,0.853,9317.0,0.097,0.053938556643094646,6.78,-0.0006010084453394527,0.5800000000000001,15232.692307692309,-11238.461538461539,1997.1153846153845,-35100,47976,0.5,64164.2692,26,35901,18752.432169552536,0,78958.0000,0,51,179,0,False
182628,36,5073,True,1,0,1,4,138032,67,30,4,2,5,0.6459999999999999,8819.0,0.099,0.03103628144198447,5.52,0.003202156021792048,0.28000000000000025,4748.5,-10600.0,1678.8,-12600,15469,0.8,34076.0000,10,500,14460.231574909165,0,45661.0000,0,34,142,0,False
51696,24,2154,True,1,0,0,4,323870,0,0,0,1,1,1.0,10673.0,0.1,0.05732083860808349,5.095000000000001,-0.0013431315033809862,0.6900000000000004,15405.051282051281,-12577.36,-315.40449438202245,-59600,46889,0.43820224719101125,59688.7978,89,600,25952.168397715162,0,38202.0000,0,26,396,0,True
230220,36,6395,True,1,0,0,4,323870,0,0,0,1,1,1.0,10673.0,0.1,0.05732083860808349,5.095000000000001,-0.0013431315033809862,0.6900000000000004,7806.0,-6366.756756756757,420.19718309859155,-59800,47953,0.4788732394366197,29360.4366,71,-2720,30410.246010432027,1,15220.0000,0,51,356,1,False
59760,24,2490,True,1,1,1,4,323870,0,0,0,1,1,1.0,10673.0,0.1,0.05732083860808349,5.095000000000001,-0.0013431315033809862,0.6900000000000004,11115.363636363636,-4799.863636363636,3157.75,-19800,34557,0.5,42018.2500,44,300,12798.050093178259,0,41140.5000,0,35,312,0,False
140400,36,3900,False,1,0,1,4,323870,0,0,0,1,1,1.0,10673.0,0.1,0.05732083860808349,5.095000000000001,-0.0013431315033809862,0.6900000000000004,10129.368421052632,-6412.5,3111.6060606060605,-23800,44208,0.5757575757575758,44848.6667,33,26667,18797.957280491726,0,33379.0000,0,53,392,0,False
398640,60,6644,True,2,0,0,4,323870,0,0,0,1,1,1.0,10673.0,0.1,0.05732083860808349,5.095000000000001,-0.0013431315033809862,0.6900000000000004,21916.4375,-12513.170212765957,1433.0,-40900,59793,0.4050632911392405,63247.5063,79,400,22576.644957590557,0,59317.0000,0,34,512,0,False
221280,48,4610,True,2,1,1,4,323870,0,0,0,1,1,1.0,10673.0,0.1,0.05732083860808349,5.095000000000001,-0.0013431315033809862,0.6900000000000004,15338.681818181818,-9112.771428571428,324.63157894736844,-32300,50178,0.38596491228070173,38502.1053,57,1100,19609.585953996208,0,31330.0000,0,26,389,0,False
151728,48,3161,True,1,0,1,4,323870,0,0,0,1,1,1.0,10673.0,0.1,0.05732083860808349,5.095000000000001,-0.0013431315033809862,0.6900000000000004,6208.238095238095,-6958.958333333333,-814.2666666666667,-27000,44471,0.4666666666666667,29500.2667,45,-670,23297.816514190527,1,24190.2000,0,18,271,1,False
104712,24,4363,True,1,0,1,4,323870,0,0,0,1,1,1.0,10673.0,0.1,0.05732083860808349,5.095000000000001,-0.0013431315033809862,0.6900000000000004,14620.135593220339,-9320.725490196079,-547.3664596273292,-56400,49831,0.36645962732919257,58164.5776,161,400,27165.139791123875,0,25947.0000,0,50,691,0,False
194880,48,4060,True,1,0,1,4,323870,0,0,0,1,1,1.0,10673.0,0.1,0.05732083860808349,5.095000000000001,-0.0013431315033809862,0.6900000000000004,9848.166666666666,-6164.142857142857,-998.8817204301075,-23532,36536,0.3225806451612903,34414.3656,93,300,12221.759758184295,0,31014.5000,0,16,552,0,False
232560,48,4845,True,0,0,0,4,323870,0,0,0,1,1,1.0,10673.0,0.1,0.05732083860808349,5.095000000000001,-0.0013431315033809862,0.6900000000000004,11901.09090909091,-12017.916666666666,-578.3913043478261,-37300,39741,0.4782608695652174,62632.1304,23,600,26918.958080011595,0,52808.0000,0,25,164,0,False
380160,60,6336,True,1,0,1,4,323870,0,0,0,1,1,1.0,10673.0,0.1,0.05732083860808349,5.095000000000001,-0.0013431315033809862,0.6900000000000004,17616.4,-13004.185185185184,25.851063829787233,-62500,48887,0.425531914893617,63452.9362,94,14800,26246.61373044292,0,24550.0000,0,46,579,0,False
55368,24,2307,True,1,0,0,6,197099,29,41,10,2,10,0.747,9624.0,0.145,0.022194430210198936,1.955,-0.0011111167484360652,0.71,8563.363636363636,-7759.795454545455,401.78409090909093,-34100,48139,0.5,45077.2841,88,200,23977.11638632517,0,2302.0000,0,54,362,0,False
227880,36,6330,True,1,1,0,6,197099,29,41,10,2,10,0.747,9624.0,0.145,0.022194430210198936,1.955,-0.0011111167484360652,0.71,7545.125,-8721.064516129032,442.98591549295776,-64600,49115,0.5633802816901409,47748.8592,71,1100,30271.584709047922,0,53717.0000,0,38,382,0,False
47304,24,1971,True,1,0,1,6,197099,29,41,10,2,10,0.747,9624.0,0.145,0.022194430210198936,1.955,-0.0011111167484360652,0.71,15285.442857142858,-13067.736111111111,909.1830985915493,-59900,49060,0.49295774647887325,72278.1056,142,17259,30062.30965204772,0,62458.0000,0,23,516,0,False
33984,48,708,True,1,0,1,6,197099,29,41,10,2,10,0.747,9624.0,0.145,0.022194430210198936,1.955,-0.0011111167484360652,0.71,2694.9285714285716,-3943.035714285714,-624.0535714285714,-14700,20196,0.5,37907.3571,56,600,9525.462280549082,0,44465.0000,0,23,367,0,False
188688,48,3931,True,1,0,0,6,197099,29,41,10,2,10,0.747,9624.0,0.145,0.022194430210198936,1.955,-0.0011111167484360652,0.71,3158.625,-10782.2,-4586.277777777777,-24500,23585,0.4444444444444444,37277.1667,18,400,17757.0153968947,0,23580.0000,0,30,160,0,False
360000,48,7500,True,0,0,0,6,197099,29,41,10,2,10,0.747,9624.0,0.145,0.022194430210198936,1.955,-0.0011111167484360652,0.71,14940.5,-9513.93220338983,1942.1981981981983,-38500,73228,0.46846846846846846,49286.9820,111,600,25733.622264744226,0,64765.0000,0,23,578,0,False
444864,48,9268,True,1,1,1,6,197099,29,41,10,2,10,0.747,9624.0,0.145,0.022194430210198936,1.955,-0.0011111167484360652,0.71,6425.142857142857,-4434.310344827586,126.66,-16300,17241,0.42,32764.5400,50,800,11027.943237449128,0,41744.0000,0,32,343,0,False
85632,48,1784,True,1,0,0,6,197099,29,41,10,2,10,0.747,9624.0,0.145,0.022194430210198936,1.955,-0.0011111167484360652,0.71,17451.583333333332,-12551.390243902439,1475.974025974026,-60800,49917,0.4675324675324675,65613.6234,77,800,26422.27671504117,0,99939.0000,0,47,494,0,False
96168,12,8014,True,2,0,0,6,197099,29,41,10,2,10,0.747,9624.0,0.145,0.022194430210198936,1.955,-0.0011111167484360652,0.71,7302.617283950617,-8604.1,1231.351145038168,-53500,46253,0.6183206106870229,50757.5191,131,600,22127.336860882722,0,3609.0000,0,24,616,0,False
372120,60,6202,True,1,1,1,6,197099,29,41,10,2,10,0.747,9624.0,0.145,0.022194430210198936,1.955,-0.0011111167484360652,0.71,17836.584615384614,-12458.772151898735,1216.2152777777778,-63300,48231,0.4513888888888889,64927.6111,144,500,25876.35404296939,0,59381.0000,0,51,663,0,False
276300,60,4605,True,1,0,1,6,197099,29,41,10,2,10,0.747,9624.0,0.145,0.022194430210198936,1.955,-0.0011111167484360652,0.71,2749.09375,-2253.4848484848485,209.3230769230769,-5760,8888,0.49230769230769234,25210.7077,65,500,6843.076700574151,0,29035.5000,0,20,487,0,False
91200,24,3800,True,1,1,0,3,119895,17,4,3,2,4,0.899,10446.0,0.09,0.04041035906418116,8.370000000000001,-0.0017014888027023646,2.0600000000000005,9421.9375,-9415.533333333333,307.03225806451616,-22100,34198,0.5161290322580645,31606.0000,31,700,15617.039659997523,0,32715.0000,0,38,231,0,False
215388,36,5983,False,1,0,1,3,119895,17,4,3,2,4,0.899,10446.0,0.09,0.04041035906418116,8.370000000000001,-0.0017014888027023646,2.0600000000000005,5716.555555555556,-6100.0,1496.357142857143,-11400,49757,0.6428571428571429,32278.5000,14,1000,10374.83600386738,0,30663.0000,0,34,156,1,False
73836,36,2051,True,1,0,0,3,119895,17,4,3,2,4,0.899,10446.0,0.09,0.04041035906418116,8.370000000000001,-0.0017014888027023646,2.0600000000000005,11747.846153846154,-24325.0,3260.1176470588234,-37000,44281,0.7647058823529411,50809.1176,17,900,30816.256864885938,0,67453.0000,0,28,188,0,False
73056,48,1522,True,1,1,1,3,119895,17,4,3,2,4,0.899,10446.0,0.09,0.04041035906418116,8.370000000000001,-0.0017014888027023646,2.0600000000000005,2495.3333333333335,-1351.3,470.7894736842105,-3600,7900,0.47368421052631576,23390.0789,38,500,6619.965532513144,0,21546.0000,0,24,290,0,False
123408,24,5142,True,0,0,1,3,119895,17,4,3,2,4,0.899,10446.0,0.09,0.04041035906418116,8.370000000000001,-0.0017014888027023646,2.0600000000000005,6664.238095238095,-4164.807692307692,673.7021276595744,-21900,46000,0.44680851063829785,30246.5745,47,700,18153.164490259318,0,10164.0000,0,32,384,0,True
7656,24,319,True,1,1,0,2,78955,50,24,8,1,9,0.59,9060.0,0.124,0.021353935786207333,2.11,0.0007852574251155721,0.6599999999999999,5589.322580645161,-6183.441176470588,-568.7384615384616,-21700,31677,0.47692307692307695,43865.3692,65,600,12141.816229073465,0,36353.0000,0,31,367,0,False
158760,60,2646,True,1,0,1,2,78955,50,24,8,1,9,0.59,9060.0,0.124,0.021353935786207333,2.11,0.0007852574251155721,0.6599999999999999,5204.214285714285,-3269.364705882353,-467.0787401574803,-17200,23810,0.33070866141732286,25758.4567,127,900,8987.26299393426,0,19182.0000,0,17,672,0,False
181020,60,3017,True,1,1,0,2,78955,50,24,8,1,9,0.59,9060.0,0.124,0.021353935786207333,2.11,0.0007852574251155721,0.6599999999999999,7091.103448275862,-5101.872340425532,-449.2894736842105,-19900,27150,0.3815789473684211,32733.3421,76,500,9140.918713980316,0,42526.0000,0,30,551,0,False
212400,36,5900,True,2,0,0,3,85852,41,23,4,2,4,0.598,8965.0,0.104,0.031886269393840566,7.655,0.001968503937007874,1.1500000000000004,12622.038461538461,-10044.333333333334,-55.76271186440678,-42900,48828,0.4406779661016949,50757.3051,59,300,27016.86720428632,0,64221.0000,0,27,391,0,False
87360,24,3640,True,1,0,1,3,85852,41,23,4,2,4,0.598,8965.0,0.104,0.031886269393840566,7.655,0.001968503937007874,1.1500000000000004,6393.333333333333,-6738.0,557.1851851851852,-20100,49341,0.5555555555555556,35367.9630,27,200,12348.385006060005,0,29065.5000,0,31,321,0,False
23628,12,1969,True,1,0,1,3,85852,41,23,4,2,4,0.598,8965.0,0.104,0.031886269393840566,7.655,0.001968503937007874,1.1500000000000004,11772.613636363636,-7727.6875,1598.5434782608695,-35200,43694,0.4782608695652174,49107.7391,92,1000,28764.179320387797,0,64096.0000,0,40,547,0,False
20832,48,434,True,1,0,1,3,85852,41,23,4,2,4,0.598,8965.0,0.104,0.031886269393840566,7.655,0.001968503937007874,1.1500000000000004,2714.675675675676,-1916.8507462686566,-269.09615384615387,-19700,13251,0.3557692307692308,21494.7212,104,500,5692.340694802655,0,17880.0000,0,46,550,0,False
71064,36,1974,True,1,0,0,3,85852,41,23,4,2,4,0.598,8965.0,0.104,0.031886269393840566,7.655,0.001968503937007874,1.1500000000000004,5424.681818181818,-3103.176470588235,-533.1369863013699,-13600,22908,0.3013698630136986,33815.7260,73,700,9685.800891575273,0,31397.0000,0,48,403,0,False
123216,48,2567,True,1,1,0,3,85852,41,23,4,2,4,0.598,8965.0,0.104,0.031886269393840566,7.655,0.001968503937007874,1.1500000000000004,15557.93023255814,-10162.5,575.1553398058253,-59200,46813,0.4174757281553398,70980.4757,103,700,29268.858473580727,0,77581.0000,0,18,561,0,False
176148,36,4893,True,1,0,0,3,85852,41,23,4,2,4,0.598,8965.0,0.104,0.031886269393840566,7.655,0.001968503937007874,1.1500000000000004,10204.42857142857,-21900.0,-1469.909090909091,-30400,34881,0.6363636363636364,42175.3636,11,1100,18010.232996689447,0,53593.0000,0,32,135,0,False
96768,36,2688,True,1,1,0,3,85852,41,23,4,2,4,0.598,8965.0,0.104,0.031886269393840566,7.655,0.001968503937007874,1.1500000000000004,16277.0,-9064.3,3169.4310344827586,-41300,48172,0.4827586206896552,52926.0690,58,900,23244.40102243539,0,37396.0000,0,28,364,0,False
167100,60,2785,True,1,1,0,6,145688,22,41,13,2,5,0.40700000000000003,8544.0,0.109,0.019304953050354182,1.5750000000000002,0.0012835648783702158,0.5700000000000001,13376.291666666666,-11370.219512195123,-2233.0461538461536,-49200,49980,0.36923076923076925,63804.3077,65,1100,27004.889455813554,0,39310.0000,0,24,335,0,False
37908,12,3159,True,1,0,0,6,145688,22,41,13,2,5,0.40700000000000003,8544.0,0.109,0.019304953050354182,1.5750000000000002,0.0012835648783702158,0.5700000000000001,7234.5,-5400.783783783784,-429.5245901639344,-22479,18954,0.39344262295081966,40559.3770,61,800,12342.389612617048,0,58414.0000,0,19,460,0,False
320592,48,6679,True,1,1,0,6,145688,22,41,13,2,5,0.40700000000000003,8544.0,0.109,0.019304953050354182,1.5750000000000002,0.0012835648783702158,0.5700000000000001,16860.916666666668,-9981.458333333334,-1034.0,-46600,60108,0.3333333333333333,59108.6667,72,500,20640.36819560155,0,69149.0000,0,25,465,0,True
192744,36,5354,True,1,1,1,6,145688,22,41,13,2,5,0.40700000000000003,8544.0,0.109,0.019304953050354182,1.5750000000000002,0.0012835648783702158,0.5700000000000001,15593.727272727272,-12873.0,2038.142857142857,-34100,49871,0.5238095238095238,66087.0476,21,200,29539.207561792933,0,31999.0000,0,32,137,0,False
46176,48,962,True,1,0,1,6,145688,22,41,13,2,5,0.40700000000000003,8544.0,0.109,0.019304953050354182,1.5750000000000002,0.0012835648783702158,0.5700000000000001,8225.555555555555,-8325.0,3133.076923076923,-13400,18109,0.6923076923076923,34190.6923,13,1000,14018.000035035258,0,38725.0000,0,30,161,0,False
182640,48,3805,True,1,0,0,6,145688,22,41,13,2,5,0.40700000000000003,8544.0,0.109,0.019304953050354182,1.5750000000000002,0.0012835648783702158,0.5700000000000001,10854.375,-8620.235294117647,822.0,-23900,34246,0.48484848484848486,37615.0000,33,600,14082.59086656825,0,23898.0000,0,54,242,0,False
65184,12,5432,False,1,0,1,1,75232,55,26,4,1,5,0.41700000000000004,8980.0,0.111,0.03746411101658868,2.08,-0.00014621437686091024,0.26,12900.869565217392,-8852.695652173914,-1601.5072463768115,-39900,48891,0.3333333333333333,45324.7391,69,900,16975.565767312528,0,67995.0000,0,36,448,0,False
270384,48,5633,True,1,0,1,1,75232,55,26,4,1,5,0.41700000000000004,8980.0,0.111,0.03746411101658868,2.08,-0.00014621437686091024,0.26,12166.416666666666,-8706.976744186046,-1229.9402985074628,-30800,50696,0.3582089552238806,45227.4776,67,700,15816.53170498741,0,57835.0000,0,34,437,0,False
193968,36,5388,True,0,0,1,4,226122,32,50,7,4,4,0.626,8994.0,0.11,0.041747375310673,4.295,-0.0020519896339144354,0.9900000000000002,12074.235294117647,-22062.5,1150.48,-54200,41783,0.68,62161.8400,25,800,27412.435707437606,0,80780.0000,0,21,197,0,False
45768,12,3814,False,2,0,0,4,226122,32,50,7,4,4,0.626,8994.0,0.11,0.041747375310673,4.295,-0.0020519896339144354,0.9900000000000002,4412.761904761905,-10550.0,2018.72,-23900,36574,0.84,32284.3600,25,800,14525.012586238952,0,54428.0000,0,17,274,0,False
137880,60,2298,False,2,0,1,4,226122,32,50,7,4,4,0.626,8994.0,0.11,0.041747375310673,4.295,-0.0020519896339144354,0.9900000000000002,6527.1,-4413.658536585366,209.19718309859155,-20848,20684,0.4225352112676056,24598.1549,71,322,11912.292044973092,0,19967.0000,0,31,486,1,False
309552,48,6449,True,1,0,1,4,226122,32,50,7,4,4,0.626,8994.0,0.11,0.041747375310673,4.295,-0.0020519896339144354,0.9900000000000002,19481.0,-13840.538461538461,4010.285714285714,-50600,58041,0.5357142857142857,56167.5357,28,700,23053.092106641485,0,51799.0000,0,60,241,0,False
217152,36,6032,True,1,0,1,4,226122,32,50,7,4,4,0.626,8994.0,0.11,0.041747375310673,4.295,-0.0020519896339144354,0.9900000000000002,15198.277777777777,-9609.1875,-678.5,-34200,54286,0.36,47743.2400,50,400,18560.603245110327,0,42286.5000,0,21,309,0,True
309600,48,6450,True,2,0,1,4,226122,32,50,7,4,4,0.626,8994.0,0.11,0.041747375310673,4.295,-0.0020519896339144354,0.9900000000000002,17203.882352941175,-11297.423076923076,-29.46511627906977,-34700,58052,0.3953488372093023,59194.3023,43,33501,18290.53965856728,0,35488.0000,0,20,348,0,False
161496,36,4486,True,2,0,1,4,226122,32,50,7,4,4,0.626,8994.0,0.11,0.041747375310673,4.295,-0.0020519896339144354,0.9900000000000002,7017.880952380952,-4428.576271186441,331.33663366336634,-36300,39323,0.4158415841584158,33308.1683,101,500,18970.23758890726,0,29372.0000,0,24,633,0,False
187104,24,7796,True,1,0,0,4,226122,32,50,7,4,4,0.626,8994.0,0.11,0.041747375310673,4.295,-0.0020519896339144354,0.9900000000000002,14695.333333333334,-24578.75,-1014.3,-49500,43502,0.6,64831.0500,20,300,36188.06550297349,0,110128.0000,0,19,141,0,False
29448,12,2454,True,1,0,1,4,226122,32,50,7,4,4,0.626,8994.0,0.11,0.041747375310673,4.295,-0.0020519896339144354,0.9900000000000002,8324.0,-11800.0,4299.2,-13900,22090,0.8,31795.2000,10,22890,6671.693754962079,0,43791.0000,0,48,119,1,False
155616,48,3242,True,1,1,0,4,226122,32,50,7,4,4,0.626,8994.0,0.11,0.041747375310673,4.295,-0.0020519896339144354,0.9900000000000002,5155.163934426229,-3378.7916666666665,535.2781954887218,-36960,26388,0.45864661654135336,43256.5038,133,200,10936.024901946817,0,60694.0000,0,25,691,0,False
24312,12,2026,True,1,0,0,5,93931,74,21,10,1,8,0.569,8427.0,0.107,0.020158414155071275,1.33,0.00041519839030777913,0.41999999999999993,5139.363636363636,-3936.5454545454545,601.4090909090909,-24322,18231,0.5,29378.3788,66,1100,7970.662904953297,0,28462.0000,0,38,455,0,False
170256,24,7094,True,1,0,0,5,93931,74,21,10,1,8,0.569,8427.0,0.107,0.020158414155071275,1.33,0.00041519839030777913,0.41999999999999993,9382.833333333334,-6912.714285714285,-284.0169491525424,-29300,36552,0.4067796610169492,39009.2203,59,19755,12725.148018942378,0,43303.0000,0,29,448,0,False
60156,36,1671,True,1,0,1,5,93931,74,21,10,1,8,0.569,8427.0,0.107,0.020158414155071275,1.33,0.00041519839030777913,0.41999999999999993,17862.5,-14777.08695652174,1889.936170212766,-53600,49767,0.5106382978723404,73344.5532,47,400,35275.89427538332,0,116214.0000,0,19,230,1,False
165960,24,6915,True,1,0,0,5,93931,74,21,10,1,8,0.569,8427.0,0.107,0.020158414155071275,1.33,0.00041519839030777913,0.41999999999999993,19472.066666666666,-8546.70588235294,30.46938775510204,-41300,62235,0.30612244897959184,51283.7143,98,17414,20302.57390639152,0,23696.5000,0,51,561,0,False
22968,36,638,True,1,0,0,5,93931,74,21,10,1,8,0.569,8427.0,0.107,0.020158414155071275,1.33,0.00041519839030777913,0.41999999999999993,4243.1,-3600.0,3530.090909090909,-3600,8200,0.9090909090909091,23324.9091,11,1000,10674.599234159443,0,38831.0000,0,46,120,0,False
115812,36,3217,True,1,0,1,5,93931,74,21,10,1,8,0.569,8427.0,0.107,0.020158414155071275,1.33,0.00041519839030777913,0.41999999999999993,15133.34090909091,-9859.724137931034,921.5980392156863,-50800,49887,0.43137254901960786,57090.1176,102,27691,21037.49586198466,0,41878.0000,0,43,585,0,False
272520,60,4542,True,1,1,1,1,92084,55,29,4,3,5,0.467,10124.0,0.141,0.04412275748229877,0.55,0.005494982841753182,-0.020000000000000018,11629.56,-8660.605263157895,-608.952380952381,-56700,42400,0.3968253968253968,42257.0952,63,1100,23767.106401938974,0,30010.0000,0,54,333,0,False
172080,48,3585,True,1,0,0,1,92084,55,29,4,3,5,0.467,10124.0,0.141,0.04412275748229877,0.55,0.005494982841753182,-0.020000000000000018,10038.833333333334,-11052.92857142857,2268.184210526316,-40100,45518,0.631578947368421,60516.8158,38,200,21071.48968812108,0,58174.6667,0,37,198,0,False
98592,24,4108,True,0,0,0,1,92084,55,29,4,3,5,0.467,10124.0,0.141,0.04412275748229877,0.55,0.005494982841753182,-0.020000000000000018,11223.2,-8557.272727272728,862.0,-24500,36975,0.47619047619047616,56480.3333,21,25019,17129.936811751617,0,53272.0000,0,31,183,0,False
155616,48,3242,True,1,0,0,1,92084,55,29,4,3,5,0.467,10124.0,0.141,0.04412275748229877,0.55,0.005494982841753182,-0.020000000000000018,7569.833333333333,-7240.454545454545,486.6521739130435,-17700,29176,0.5217391304347826,40849.9565,23,22051,10492.668278698478,0,31954.5000,0,37,228,0,False
97632,12,8136,False,1,0,0,5,103347,87,16,7,1,7,0.67,9104.0,0.123,0.022511538796481757,1.79,0.000532187678403824,0.5599999999999998,21695.117647058825,-8647.424242424242,1669.04,-45700,73224,0.34,51152.0200,50,1100,23816.98291429038,0,66930.0000,0,25,301,0,False
191880,60,3198,True,1,0,1,5,103347,87,16,7,1,7,0.67,9104.0,0.123,0.022511538796481757,1.79,0.000532187678403824,0.5599999999999998,14458.173913043478,-9076.522727272728,-997.4477611940298,-59200,46829,0.34328358208955223,52504.6119,67,400,25884.881664299384,0,66252.0000,0,46,272,0,False
30276,12,2523,True,1,0,0,5,103347,87,16,7,1,7,0.67,9104.0,0.123,0.022511538796481757,1.79,0.000532187678403824,0.5599999999999998,2325.4347826086955,-5252.423076923077,-411.0138888888889,-18000,22708,0.6388888888888888,31264.4861,72,8323,11391.59769180905,0,30191.0000,0,57,388,1,False
30276,12,2523,True,1,0,0,5,103347,87,16,7,1,7,0.67,9104.0,0.123,0.022511538796481757,1.79,0.000532187678403824,0.5599999999999998,4498.051282051282,-5557.739130434783,767.6774193548387,-18200,22708,0.6290322580645161,24712.4516,62,715,14779.657656427873,0,15854.0000,0,57,388,1,False
196080,48,4085,True,1,0,1,7,87419,21,11,4,3,9,0.855,8624.0,0.102,0.03475789016117778,2.225,0.003649092302588682,0.8700000000000001,11146.0,-7511.263157894737,1565.2432432432433,-35700,39553,0.4864864864864865,50765.3243,37,900,22408.944701872293,0,91757.0000,0,36,231,0,False
74688,12,6224,True,1,1,0,7,87419,21,11,4,3,9,0.855,8624.0,0.102,0.03475789016117778,2.225,0.003649092302588682,0.8700000000000001,9735.0,-10519.709090909091,-1632.438775510204,-38400,56019,0.4387755102040816,47093.6224,98,1100,20719.038264416457,0,28933.0000,0,49,496,0,False
76908,12,6409,False,1,0,0,1,149893,63,29,6,2,6,0.674,9753.0,0.109,0.03714649783512239,4.845,0.004323083799777174,0.41000000000000014,15286.578947368422,-10853.21568627451,307.59550561797755,-52200,47434,0.42696629213483145,51255.0787,89,1100,23137.65341749182,0,14889.0000,0,48,485,1,False
189060,60,3151,True,0,0,0,1,149893,63,29,6,2,6,0.674,9753.0,0.109,0.03714649783512239,4.845,0.004323083799777174,0.41000000000000014,13504.0,-14528.6,-4016.375,-40300,40011,0.375,70287.2500,24,200,25025.673459552825,0,68946.0000,0,36,203,0,False
402000,60,6700,True,1,0,1,1,149893,63,29,6,2,6,0.674,9753.0,0.109,0.03714649783512239,4.845,0.004323083799777174,0.41000000000000014,2627.8260869565215,-2501.6315789473683,307.35714285714283,-7600,7610,0.5476190476190477,21617.0714,42,200,8408.705957271328,0,14660.0000,0,16,315,0,False
25944,24,1081,True,1,0,0,3,118650,8,8,5,1,3,0.856,9832.0,0.114,0.050214917825537296,3.9000000000000004,-0.008209018120522545,1.1600000000000006,12907.722222222223,-5249.2307692307695,5293.5161290322585,-29900,36290,0.5806451612903226,60270.1613,31,600,16586.59154761864,0,69399.0000,0,34,260,0,False
198240,24,8260,True,1,0,1,3,118650,8,8,5,1,3,0.856,9832.0,0.114,0.050214917825537296,3.9000000000000004,-0.008209018120522545,1.1600000000000006,6564.222222222223,-5650.0,4343.454545454545,-9300,19455,0.8181818181818182,32132.0000,11,300,13101.573874920523,0,35344.0000,0,39,160,0,False
104808,12,8734,True,1,1,1,6,125832,151,41,2,3,5,0.483,8512.0,0.102,0.01728495136372306,3.815,-0.0011443829868395957,0.6100000000000003,8757.636363636364,-4977.866666666667,833.3076923076923,-16400,25970,0.4230769230769231,37851.2692,26,500,11795.704702454821,0,28015.0000,0,54,186,0,False
151560,24,6315,True,1,0,1,6,125832,151,41,2,3,5,0.483,8512.0,0.102,0.01728495136372306,3.815,-0.0011443829868395957,0.6100000000000003,11514.4,-15165.818181818182,-2460.9523809523807,-37200,37890,0.47619047619047616,52736.5714,21,300,23773.089937937788,0,21323.0000,0,41,194,0,False
79632,24,3318,True,1,0,0,6,125832,151,41,2,3,5,0.483,8512.0,0.102,0.01728495136372306,3.815,-0.0011443829868395957,0.6100000000000003,13424.6,-18408.0,4329.571428571428,-27300,66165,0.7142857142857143,75300.4286,7,45123,23719.902576631674,0,89747.0000,0,35,141,0,False
465072,48,9689,True,1,1,1,6,125832,151,41,2,3,5,0.483,8512.0,0.102,0.01728495136372306,3.815,-0.0011443829868395957,0.6100000000000003,11782.882352941177,-5647.0,1854.4683544303798,-42880,35163,0.43037974683544306,26701.9620,79,300,14242.328893654068,0,47352.0000,0,47,541,0,False
368880,60,6148,True,1,1,1,6,125832,151,41,2,3,5,0.483,8512.0,0.102,0.01728495136372306,3.815,-0.0011443829868395957,0.6100000000000003,19081.35087719298,-8880.89156626506,2503.7357142857145,-64500,49781,0.40714285714285714,62068.9571,140,1100,28983.577371103354,0,105719.5000,0,21,590,0,False
300204,36,8339,False,1,0,1,6,161954,21,37,20,3,8,0.48,8720.0,0.116,0.02278424737888536,4.115,-0.00048161823727725157,0.77,7504.363636363636,-5304.545454545455,-180.98181818181817,-18300,28365,0.4,34593.9273,55,16771,10151.94194383884,0,33897.3333,0,30,364,0,False
83016,12,6918,False,1,0,1,6,161954,21,37,20,3,8,0.48,8720.0,0.116,0.02278424737888536,4.115,-0.00048161823727725157,0.77,19432.209677419356,-10256.761904761905,765.4910179640718,-64400,48783,0.3712574850299401,69115.4551,167,700,25565.70749806712,0,84877.3333,0,15,632,0,False
61056,48,1272,False,1,0,0,6,161954,21,37,20,3,8,0.48,8720.0,0.116,0.02278424737888536,4.115,-0.00048161823727725157,0.77,6116.105263157895,-4117.75,19.340425531914892,-13500,16248,0.40425531914893614,35753.1489,47,900,8655.401252984084,0,33532.5000,0,37,347,0,False
77640,12,6470,False,2,0,1,7,67298,71,19,10,0,7,0.43799999999999994,8561.0,0.11,0.016018306636155607,0.97,0.0014562096941959641,0.64,11740.470588235294,-9795.285714285714,-1659.5555555555557,-35000,38818,0.37777777777777777,54297.0222,45,700,21905.726295995344,0,30826.0000,0,26,333,0,False
64656,48,1347,True,1,1,1,7,67298,71,19,10,0,7,0.43799999999999994,8561.0,0.11,0.016018306636155607,0.97,0.0014562096941959641,0.64,4775.857142857143,-5600.0,3478.875,-5600,13609,0.875,24883.7500,8,200,11085.0823153236,0,35740.0000,0,49,124,0,False
91584,24,3816,False,1,0,0,3,133777,24,17,7,3,11,0.847,8705.0,0.116,0.03554048902277671,6.68,0.001562301441951905,1.8600000000000003,11374.9,-13324.2,-3444.56,-30600,47906,0.4,45185.5200,25,1000,14900.422249372668,0,49843.0000,0,42,211,0,False
46320,24,1930,True,1,0,1,3,133777,24,17,7,3,11,0.847,8705.0,0.116,0.03554048902277671,6.68,0.001562301441951905,1.8600000000000003,15450.363636363636,-6807.515789473684,238.14388489208633,-61600,49053,0.31654676258992803,44405.8633,139,900,21262.456854731096,0,25103.0000,0,17,544,0,False
244560,60,4076,False,1,0,0,6,109164,98,16,6,1,4,0.636,8757.0,0.096,0.021449378916126194,3.665,0.002372577040049833,0.5700000000000003,6316.4,-7760.4375,-2346.269230769231,-24600,36680,0.38461538461538464,35743.8462,26,1000,14793.8822222938,0,25433.0000,0,26,258,0,False
189300,60,3155,False,1,0,1,6,109164,98,16,6,1,4,0.636,8757.0,0.096,0.021449378916126194,3.665,0.002372577040049833,0.5700000000000003,4228.371428571429,-3896.28,-550.8352941176471,-24960,28413,0.4117647058823529,30799.6588,85,800,11643.873582833607,0,24530.0000,0,40,413,0,False
20352,48,424,True,1,1,0,6,109164,98,16,6,1,4,0.636,8757.0,0.096,0.021449378916126194,3.665,0.002372577040049833,0.5700000000000003,2023.1333333333334,-2911.3809523809523,-855.3333333333334,-9600,9100,0.4166666666666667,30595.1111,36,400,9360.065440113647,0,21282.0000,0,47,283,0,False
276660,36,7685,True,1,0,1,6,124605,11,42,14,1,8,0.46,8772.0,0.126,0.024124232574936802,4.835000000000001,0.002439709481963003,0.29000000000000004,3297.375,-3404.090909090909,92.32608695652173,-9800,11600,0.5217391304347826,19783.6522,46,500,5739.942834957699,0,19783.0000,0,45,314,1,False
123696,48,2577,True,1,0,1,6,124605,11,42,14,1,8,0.46,8772.0,0.126,0.024124232574936802,4.835000000000001,0.002439709481963003,0.29000000000000004,7888.235294117647,-7508.466666666666,-1939.4468085106382,-32100,46075,0.3617021276595745,46135.7447,47,300,19291.214904406712,0,25194.5000,0,54,336,0,False
39576,12,3298,False,1,0,0,3,105058,32,19,7,2,10,0.81,9272.0,0.118,0.04209579470387786,3.01,0.0015705610234346742,0.4200000000000004,7368.38,-7366.340909090909,471.27659574468083,-36800,48352,0.5319148936170213,49826.2872,94,300,26963.99321223419,0,33374.3333,0,14,522,0,False
162468,36,4513,True,1,1,0,3,105058,32,19,7,2,10,0.81,9272.0,0.118,0.04209579470387786,3.01,0.0015705610234346742,0.4200000000000004,12202.777777777777,-15160.0,2430.3571428571427,-34500,27076,0.6428571428571429,48974.9286,14,700,22473.09086588506,0,74639.0000,0,38,148,0,False
91152,24,3798,True,1,0,1,3,105058,32,19,7,2,10,0.81,9272.0,0.118,0.04209579470387786,3.01,0.0015705610234346742,0.4200000000000004,9616.708333333334,-6212.6,226.4406779661017,-26700,34184,0.4067796610169492,43750.8983,59,400,13294.748955368368,0,39379.0000,0,53,465,0,True
252060,60,4201,False,1,0,0,6,110643,49,41,4,1,4,0.519,8441.0,0.115,0.018668148911363574,3.9650000000000003,0.0033712028777238504,1.0300000000000002,12877.045454545454,-8287.84,1619.127659574468,-41700,49937,0.46808510638297873,55302.9149,47,900,21026.66858694209,0,91584.0000,0,28,232,1,False
189696,24,7904,True,1,0,0,6,110643,49,41,4,1,4,0.519,8441.0,0.115,0.018668148911363574,3.9650000000000003,0.0033712028777238504,1.0300000000000002,4766.666666666667,0.0,4766.666666666667,600,11500,1.0,11733.3333,3,600,8944.396135135241,0,22500.0000,0,24,134,1,False
192744,36,5354,True,1,1,0,6,110643,49,41,4,1,4,0.519,8441.0,0.115,0.018668148911363574,3.9650000000000003,0.0033712028777238504,1.0300000000000002,5960.107142857143,-6628.72972972973,-1205.8461538461538,-47700,41064,0.4307692307692308,35908.9231,65,700,16333.202380717243,0,29026.5000,0,23,488,0,False
89340,60,1489,True,1,1,0,6,110643,49,41,4,1,4,0.519,8441.0,0.115,0.018668148911363574,3.9650000000000003,0.0033712028777238504,1.0300000000000002,4462.25,-3395.5,302.2647058823529,-8200,17313,0.47058823529411764,39217.7941,34,500,10447.628632653808,0,41530.0000,0,24,267,0,False
89340,60,1489,True,1,1,0,6,110643,49,41,4,1,4,0.519,8441.0,0.115,0.018668148911363574,3.9650000000000003,0.0033712028777238504,1.0300000000000002,5868.117647058823,-3621.0526315789475,859.9444444444445,-7800,17313,0.4722222222222222,40713.6111,36,12042,9602.829606937557,0,42235.0000,0,24,267,0,False
54396,36,1511,True,1,0,1,6,110643,49,41,4,1,4,0.519,8441.0,0.115,0.018668148911363574,3.9650000000000003,0.0033712028777238504,1.0300000000000002,1712.375,-2601.875,-444.75,-5200,9900,0.5,29572.5000,16,800,10147.061563575931,0,36209.0000,0,57,191,0,False
143904,24,5996,False,1,0,1,2,102609,75,33,2,3,6,0.52,8187.0,0.094,0.02074379440399965,5.140000000000001,0.00010720307185529534,0.6200000000000001,13196.809523809523,-6846.409638554217,-111.888,-60500,46108,0.336,50483.3680,125,700,23477.41052996638,0,38336.0000,0,43,518,0,False
141240,24,5885,True,1,0,1,2,102609,75,33,2,3,6,0.52,8187.0,0.094,0.02074379440399965,5.140000000000001,0.00010720307185529534,0.6200000000000001,17153.04,-6033.135593220339,867.5119047619048,-43500,52968,0.2976190476190476,58968.1786,84,1000,19914.280693201956,0,45872.0000,0,32,388,0,False
135360,48,2820,True,1,0,1,2,102609,75,33,2,3,6,0.52,8187.0,0.094,0.02074379440399965,5.140000000000001,0.00010720307185529534,0.6200000000000001,18738.1,-12370.027777777777,1770.030303030303,-46400,48633,0.45454545454545453,67951.9848,66,200,30925.1525610467,0,54876.5000,0,20,363,0,True
299088,36,8308,True,1,0,0,4,106054,38,25,6,2,6,0.631,8110.0,0.109,0.029810285326343184,6.16,-0.0015558111905255812,0.7800000000000002,17791.767441860466,-10755.0,1279.421568627451,-59400,47189,0.4215686274509804,53738.9706,102,500,36101.95085855128,0,19449.0000,0,27,419,1,False
129408,24,5392,True,1,0,0,4,106054,38,25,6,2,6,0.631,8110.0,0.109,0.029810285326343184,6.16,-0.0015558111905255812,0.7800000000000002,7500.333333333333,-2370.2727272727275,628.3924050632911,-10800,24212,0.3037974683544304,29722.0886,79,1000,11724.609614498973,0,28980.0000,0,34,440,0,False
82896,12,6908,False,1,1,1,2,75685,31,28,5,1,9,0.608,8208.0,0.155,0.024991742088921187,2.0749999999999997,0.006117460527185043,0.3699999999999999,16928.076923076922,-7675.9838709677415,-406.60227272727275,-38600,62168,0.29545454545454547,55095.8864,88,11724,24296.587244654074,0,58891.0000,0,22,482,0,True
63360,60,1056,True,1,1,1,2,75685,31,28,5,1,9,0.608,8208.0,0.155,0.024991742088921187,2.0749999999999997,0.006117460527185043,0.3699999999999999,3878.6363636363635,-2032.4150943396226,648.8865979381443,-7300,12138,0.4536082474226804,29636.9588,97,14792,5340.227418836901,0,25642.5000,0,39,638,0,False
41904,12,3492,False,1,0,1,4,285387,0,2,8,5,7,0.899,10177.0,0.081,0.03501561038169223,7.1899999999999995,0.0008059231850084271,1.12,6959.540983606557,-6331.983333333334,368.702479338843,-51700,48546,0.5041322314049587,36526.3306,121,900,20618.136532092492,0,39205.0000,0,20,603,0,False
36684,12,3057,False,1,0,0,4,285387,0,2,8,5,7,0.899,10177.0,0.081,0.03501561038169223,7.1899999999999995,0.0008059231850084271,1.12,5182.0,-3869.9180327868853,-127.29807692307692,-24480,18552,0.41346153846153844,30056.7019,104,700,8204.29248447211,0,35093.0000,0,16,631,0,False
134784,24,5616,True,1,0,0,4,285387,0,2,8,5,7,0.899,10177.0,0.081,0.03501561038169223,7.1899999999999995,0.0008059231850084271,1.12,7709.7037037037035,-10864.666666666666,-416.5833333333333,-58800,38529,0.5625,44551.7708,48,12954,24658.061253911455,0,21119.0000,0,54,288,0,False
89880,24,3745,True,2,0,1,4,285387,0,2,8,5,7,0.899,10177.0,0.081,0.03501561038169223,7.1899999999999995,0.0008059231850084271,1.12,16579.846153846152,-10658.461538461539,2960.6923076923076,-47100,46981,0.5,64130.8846,26,800,27232.813019374713,0,39080.0000,0,32,154,0,False
100224,48,2088,True,1,0,0,4,285387,0,2,8,5,7,0.899,10177.0,0.081,0.03501561038169223,7.1899999999999995,0.0008059231850084271,1.12,2949.6428571428573,-11050.0,1199.6875,-15100,12528,0.875,28317.9375,16,700,9809.833570636853,0,31387.0000,0,39,125,1,False
49440,60,824,True,1,0,0,4,285387,0,2,8,5,7,0.899,10177.0,0.081,0.03501561038169223,7.1899999999999995,0.0008059231850084271,1.12,9169.67857142857,-3802.4754098360654,278.65168539325845,-20000,30378,0.3146067415730337,46939.2584,89,300,12731.499631457393,0,53022.0000,0,29,464,0,False
123600,60,2060,True,1,1,1,4,285387,0,2,8,5,7,0.899,10177.0,0.081,0.03501561038169223,7.1899999999999995,0.0008059231850084271,1.12,7991.470588235294,-7880.28,-1456.0,-43300,47109,0.40476190476190477,35928.8571,42,300,19773.684435887717,0,15513.0000,0,28,297,0,False
86184,12,7182,True,1,0,0,4,285387,0,2,8,5,7,0.899,10177.0,0.081,0.03501561038169223,7.1899999999999995,0.0008059231850084271,1.12,18406.923076923078,-8570.666666666666,2742.516129032258,-32200,64642,0.41935483870967744,60825.3548,31,300,26692.46114850431,0,24709.0000,0,55,237,0,False
86184,12,7182,True,1,0,0,4,285387,0,2,8,5,7,0.899,10177.0,0.081,0.03501561038169223,7.1899999999999995,0.0008059231850084271,1.12,16749.69230769231,-13217.714285714286,-1759.5882352941176,-50500,43095,0.38235294117647056,58459.3529,34,300,22029.43908645129,0,39661.0000,0,55,237,0,False
45024,48,938,True,1,0,0,4,285387,0,2,8,5,7,0.899,10177.0,0.081,0.03501561038169223,7.1899999999999995,0.0008059231850084271,1.12,7329.578947368421,-6501.0,1227.8529411764705,-22100,31637,0.5588235294117647,41485.3824,34,800,12940.672855073706,0,56184.0000,0,39,214,0,False
17508,12,1459,False,1,0,1,1,107870,84,29,6,1,6,0.58,8754.0,0.137,0.035561323815704086,4.07,0.0005933067581347919,0.47999999999999954,5610.185185185185,-3055.5882352941176,780.0819672131148,-11400,17580,0.4426229508196721,38672.8852,61,900,9561.835742017496,0,48027.0000,0,48,450,0,False
74124,36,2059,True,2,0,0,1,107870,84,29,6,1,6,0.58,8754.0,0.137,0.035561323815704086,4.07,0.0005933067581347919,0.47999999999999954,12690.757575757576,-7915.254237288135,-523.9673913043479,-43200,49816,0.358695652173913,56046.5543,92,400,30669.890452294436,0,27285.0000,0,57,529,0,False
392460,60,6541,True,1,1,0,1,107870,84,29,6,1,6,0.58,8754.0,0.137,0.035561323815704086,4.07,0.0005933067581347919,0.47999999999999954,16753.153846153848,-8935.74074074074,-586.85,-35300,58870,0.325,54514.2083,120,900,18864.58922421222,0,53252.5000,0,15,678,0,False
98184,24,4091,True,1,0,0,6,114200,101,41,4,1,4,0.43700000000000006,8403.0,0.105,0.02134413309982487,5.73,0.0049124343257443085,-0.020000000000000462,6258.25,-10233.333333333334,1760.5454545454545,-18200,24545,0.7272727272727273,42934.2727,11,23793,16112.016617142448,0,68956.0000,0,49,111,0,False
99696,48,2077,False,1,0,0,6,114200,101,41,4,1,4,0.43700000000000006,8403.0,0.105,0.02134413309982487,5.73,0.0049124343257443085,-0.020000000000000462,12489.972222222223,-8579.42,240.32558139534885,-55900,49327,0.4186046511627907,47701.3837,86,-975,29419.82291307137,1,42799.6000,0,23,646,1,False
244368,48,5091,True,0,0,1,6,114200,101,41,4,1,4,0.43700000000000006,8403.0,0.105,0.02134413309982487,5.73,0.0049124343257443085,-0.020000000000000462,18791.607843137255,-15185.671641791045,-500.5762711864407,-57200,49769,0.4322033898305085,74635.3136,118,200,25076.66134033699,0,86194.0000,0,25,488,0,False
113544,36,3154,True,1,0,1,6,114200,101,41,4,1,4,0.43700000000000006,8403.0,0.105,0.02134413309982487,5.73,0.0049124343257443085,-0.020000000000000462,6154.777777777777,-5437.631578947368,-1711.5,-20900,28386,0.32142857142857145,33584.3214,56,13387,11289.257490304572,0,13387.0000,0,53,358,0,False
200976,48,4187,True,1,0,1,6,114200,101,41,4,1,4,0.43700000000000006,8403.0,0.105,0.02134413309982487,5.73,0.0049124343257443085,-0.020000000000000462,9204.142857142857,-9162.75,727.1153846153846,-26600,25124,0.5384615384615384,47777.5000,26,600,18776.9236344263,0,47431.0000,0,41,219,0,False
192552,24,8023,True,2,0,0,5,70646,94,14,3,1,4,0.584,8547.0,0.12,0.021975766497749342,3.145,-0.00029725674489709255,0.9900000000000002,5380.6,-4787.380952380952,738.695652173913,-18000,21953,0.5434782608695652,23540.5217,46,800,12777.338815498677,0,22241.0000,0,30,440,1,False
266220,60,4437,True,1,0,0,5,70646,94,14,3,1,4,0.584,8547.0,0.12,0.021975766497749342,3.145,-0.00029725674489709255,0.9900000000000002,5895.914893617021,-3789.0625,311.7837837837838,-20200,33190,0.42342342342342343,33366.6396,111,900,11115.2684330433,0,38160.0000,0,30,522,0,False
128988,36,3583,True,2,0,1,5,70646,94,14,3,1,4,0.584,8547.0,0.12,0.021975766497749342,3.145,-0.00029725674489709255,0.9900000000000002,8832.676470588236,-5098.131578947368,1480.3055555555557,-23589,42530,0.4722222222222222,35473.8750,72,-36,17111.317664647748,1,9695.0000,0,56,551,1,False
220620,60,3677,True,1,0,0,5,70646,94,14,3,1,4,0.584,8547.0,0.12,0.021975766497749342,3.145,-0.00029725674489709255,0.9900000000000002,6906.137254901961,-5421.433333333333,242.5855855855856,-20500,33096,0.4594594594594595,38076.6216,111,1100,14363.158487279306,0,26402.0000,0,52,521,0,False
51408,24,2142,True,1,0,1,7,45714,52,10,5,1,6,0.556,8843.0,0.113,0.018659491621822635,3.21,0.0015312595703723148,0.7800000000000002,11724.5,-13398.0,-1093.1020408163265,-57700,46697,0.4897959183673469,53375.2041,49,900,27345.2636737502,0,49206.0000,0,45,387,0,False
347952,48,7249,True,1,0,0,7,45714,52,10,5,1,6,0.556,8843.0,0.113,0.018659491621822635,3.21,0.0015312595703723148,0.7800000000000002,16206.0,-10973.6,1106.2222222222222,-54600,49271,0.4444444444444444,54733.6111,108,300,24110.710740723498,0,70853.5000,0,30,657,0,False
417060,60,6951,True,1,1,0,7,45714,52,10,5,1,6,0.556,8843.0,0.113,0.018659491621822635,3.21,0.0015312595703723148,0.7800000000000002,7975.0,-11891.083333333334,28.566666666666666,-52700,42674,0.6,57318.8167,60,14500,24428.05423175826,0,80864.3333,0,33,558,0,False
222180,60,3703,True,1,0,1,7,45714,52,10,5,1,6,0.556,8843.0,0.113,0.018659491621822635,3.21,0.0015312595703723148,0.7800000000000002,10797.227272727272,-10732.962962962964,-1066.3469387755101,-52600,40666,0.4489795918367347,55437.8163,49,800,23654.844890698376,0,59579.0000,0,57,382,1,False
68112,12,5676,False,1,0,0,3,88768,10,18,5,1,7,0.805,8867.0,0.13,0.03945115356885364,1.115,0.0026586157173756307,0.18999999999999995,14438.07142857143,-6354.425287356322,-1291.904347826087,-42100,57164,0.24347826086956523,47034.6435,115,300,19447.64464879837,0,39416.0000,0,17,532,0,False
95808,12,7984,False,1,0,1,2,161854,73,21,6,1,6,0.763,9425.0,0.125,0.024639489910660225,2.11,-0.0011986110939488676,0.78,18089.25,-13644.217391304348,287.5487804878049,-57700,49008,0.43902439024390244,59606.8659,82,900,25236.03028615943,0,72500.0000,0,54,429,0,False
41952,12,3496,True,1,0,1,2,161854,73,21,6,1,6,0.763,9425.0,0.125,0.024639489910660225,2.11,-0.0011986110939488676,0.78,3494.15,-4193.789473684211,-2196.9220779220777,-25400,20975,0.2597402597402597,39702.1948,77,500,13080.128062480206,0,24680.0000,0,22,425,0,False
32640,48,680,True,1,0,1,2,161854,73,21,6,1,6,0.763,9425.0,0.125,0.024639489910660225,2.11,-0.0011986110939488676,0.78,3672.78125,-2097.981818181818,24.597701149425287,-20700,11200,0.367816091954023,25736.3908,87,300,7482.920733099241,0,18800.0000,0,53,482,0,False
359760,60,5996,True,1,0,1,2,161854,73,21,6,1,6,0.763,9425.0,0.125,0.024639489910660225,2.11,-0.0011986110939488676,0.78,9416.181818181818,-8368.70588235294,1663.7948717948718,-51700,37346,0.5641025641025641,34762.4615,39,900,25454.346724510488,0,39959.0000,0,17,475,0,False
43164,12,3597,True,1,0,0,6,117897,139,28,5,1,6,0.5379999999999999,8814.0,0.107,0.017689169359695327,5.25,-0.00044954494177120704,0.9800000000000004,16521.6,-9661.75,-310.55357142857144,-43700,57680,0.35714285714285715,69255.0000,56,30235,19796.163181644202,0,30457.5000,0,19,363,0,False
225420,60,3757,True,1,0,0,6,117897,139,28,5,1,6,0.5379999999999999,8814.0,0.107,0.017689169359695327,5.25,-0.00044954494177120704,0.9800000000000004,4483.625,-4306.136363636364,-605.1842105263158,-14800,13818,0.42105263157894735,29853.9211,38,200,9231.18262475952,0,32403.0000,0,46,312,0,False
139536,24,5814,True,1,0,0,6,117897,139,28,5,1,6,0.5379999999999999,8814.0,0.107,0.017689169359695327,5.25,-0.00044954494177120704,0.9800000000000004,16063.17857142857,-12495.053333333333,-286.9541984732824,-53200,44194,0.42748091603053434,65728.9389,131,800,31401.741460863228,0,43873.0000,0,53,576,0,False
54024,12,4502,True,1,0,1,6,117897,139,28,5,1,6,0.5379999999999999,8814.0,0.107,0.017689169359695327,5.25,-0.00044954494177120704,0.9800000000000004,10066.823529411764,-6752.035714285715,-1905.9237288135594,-30100,40521,0.288135593220339,36311.0847,118,1000,14479.751490619801,0,25690.0000,0,28,675,0,True
79920,60,1332,True,1,0,1,7,170449,0,0,0,1,1,1.0,10787.0,0.131,0.03608704069839072,2.865,0.0012907086577216645,0.44999999999999973,11361.84,-5312.142857142857,320.9594594594595,-24300,36635,0.33783783783783783,43644.5541,74,700,11540.019757514929,0,37256.0000,0,41,443,0,False
29784,24,1241,True,1,1,0,7,170449,0,0,0,1,1,1.0,10787.0,0.131,0.03608704069839072,2.865,0.0012907086577216645,0.44999999999999973,6527.5,-7300.0,3762.0,-11300,17241,0.8,27956.6000,10,200,13495.335877257743,0,37920.0000,0,25,125,0,False
249312,48,5194,True,2,0,1,7,170449,0,0,0,1,1,1.0,10787.0,0.131,0.03608704069839072,2.865,0.0012907086577216645,0.44999999999999973,8295.346153846154,-8249.333333333334,903.0425531914893,-23600,47112,0.5531914893617021,34412.7234,47,900,23291.764129949388,0,55427.0000,0,40,433,0,False
28248,24,1177,True,1,0,0,2,162580,83,26,5,1,6,0.728,9538.0,0.111,0.03533337433878706,1.6600000000000001,-0.004114897281338418,0.30000000000000004,9297.84375,-7154.2,-733.890243902439,-23400,30056,0.3902439024390244,44595.2317,82,20437,10072.398794264549,0,33736.5000,0,25,557,0,False
126600,24,5275,False,1,0,1,2,162580,83,26,5,1,6,0.728,9538.0,0.111,0.03533337433878706,1.6600000000000001,-0.004114897281338418,0.30000000000000004,13953.6,-7760.666666666667,207.87155963302752,-32400,47472,0.3669724770642202,45920.4128,109,400,17124.480800921217,0,48721.0000,0,56,693,0,False
213300,36,5925,True,1,0,1,2,162580,83,26,5,1,6,0.728,9538.0,0.111,0.03533337433878706,1.6600000000000001,-0.004114897281338418,0.30000000000000004,3956.6,-2576.0833333333335,393.3181818181818,-5800,13600,0.45454545454545453,27527.7273,44,400,8242.514282568585,0,27334.0000,0,31,326,0,False
174048,48,3626,True,1,0,0,2,162580,83,26,5,1,6,0.728,9538.0,0.111,0.03533337433878706,1.6600000000000001,-0.004114897281338418,0.30000000000000004,11201.75,-14512.083333333334,-666.1730769230769,-46800,45774,0.5384615384615384,77300.2692,52,37892,19257.62504539574,0,64940.0000,0,44,345,0,False
331560,60,5526,False,1,1,1,1,88884,80,26,6,2,5,0.467,8507.0,0.132,0.02718712029161604,1.76,0.005794068673777058,0.18000000000000016,8028.322580645161,-4618.581818181819,-59.81395348837209,-24700,33276,0.36046511627906974,36645.6047,86,900,10371.609268596823,0,42508.0000,0,14,571,0,False
107640,24,4485,True,1,0,0,1,88884,80,26,6,2,5,0.467,8507.0,0.132,0.02718712029161604,1.76,0.005794068673777058,0.18000000000000016,16229.8,-15782.5,4225.1875,-28100,53613,0.625,51634.5625,16,600,24100.384143641648,0,65325.0000,0,35,179,0,False
85860,60,1431,True,1,0,0,1,88884,80,26,6,2,5,0.467,8507.0,0.132,0.02718712029161604,1.76,0.005794068673777058,0.18000000000000016,3132.3809523809523,-2652.8048780487807,274.6385542168675,-10300,16713,0.5060240963855421,30768.9639,83,1000,7669.9874294139645,0,39322.6667,0,39,431,0,False
103680,60,1728,True,1,0,1,2,95907,87,25,5,2,7,0.591,8388.0,0.087,0.017339714515103175,2.675,0.00010426767597777013,0.5299999999999998,4115.416666666667,-2690.392156862745,125.80459770114942,-12600,14423,0.41379310344827586,28550.3908,87,500,8667.756339573367,0,33328.0000,0,23,604,1,False
98832,48,2059,True,1,0,0,2,95907,87,25,5,2,7,0.591,8388.0,0.087,0.017339714515103175,2.675,0.00010426767597777013,0.5299999999999998,6231.238095238095,-3038.18085106383,-175.56617647058823,-22240,23282,0.3088235294117647,31582.3750,136,500,12214.401496219343,0,27177.0000,0,25,696,0,False
185952,48,3874,True,1,0,1,3,125236,28,11,1,4,5,0.877,9675.0,0.1,0.04197275543773356,7.055,-0.0010619949535277395,1.25,12742.736842105263,-13125.0,4428.107142857143,-57400,46725,0.6785714285714286,49575.8929,28,700,28660.04569249085,0,82385.0000,0,50,375,0,False
21852,36,607,True,1,0,1,3,125236,28,11,1,4,5,0.877,9675.0,0.1,0.04197275543773356,7.055,-0.0010619949535277395,1.25,7822.727272727273,-9068.2,2544.3125,-18100,27737,0.6875,36880.8750,16,700,14296.274046386176,0,42899.0000,0,40,169,0,False
156672,36,4352,True,1,0,0,7,72541,66,26,10,0,8,0.369,8594.0,0.112,0.021401690078714106,1.815,-0.0007581919190526737,0.3899999999999997,3279.0,-3044.114285714286,24.455882352941178,-9000,10380,0.4852941176470588,22663.1471,68,500,6395.251566281092,0,23279.0000,0,38,400,0,False
248148,36,6893,True,1,0,0,7,72541,66,26,10,0,8,0.369,8594.0,0.112,0.021401690078714106,1.815,-0.0007581919190526737,0.3899999999999997,7192.857142857143,-3280.5263157894738,169.52941176470588,-28960,28362,0.32941176470588235,36830.6000,85,600,10904.351415510282,0,41109.0000,0,54,503,0,False
30060,60,501,True,1,0,1,7,72541,66,26,10,0,8,0.369,8594.0,0.112,0.021401690078714106,1.815,-0.0007581919190526737,0.3899999999999997,8689.51282051282,-3232.3469387755104,161.46715328467153,-20000,29412,0.2846715328467153,38193.7956,137,500,11077.373931293618,0,48523.0000,0,44,651,0,True
36396,12,3033,False,2,0,1,4,127369,31,32,13,2,7,0.512,8369.0,0.107,0.025685213827540455,5.305,-0.007293768499399383,1.1499999999999995,16478.615384615383,-9030.058823529413,652.0656934306569,-38100,48143,0.3795620437956204,58862.6788,137,800,25671.9802590762,0,45481.0000,0,23,671,0,False
265320,36,7370,False,1,1,0,2,121947,37,28,7,3,11,0.705,8541.0,0.131,0.030074540579104036,2.74,0.0028126973193272485,0.4600000000000004,5210.6140350877195,-4175.942028985507,70.35714285714286,-17700,26409,0.4523809523809524,35200.3810,126,700,10208.86744714065,0,35290.0000,0,46,643,0,False
165120,60,2752,True,1,1,0,2,121947,37,28,7,3,11,0.705,8541.0,0.131,0.030074540579104036,2.74,0.0028126973193272485,0.4600000000000004,3421.139534883721,-2651.2166666666667,-116.15533980582525,-6300,11210,0.4174757281553398,24470.5534,103,9745,6455.972064351918,0,23285.0000,0,45,601,0,False
44088,24,1837,True,1,0,0,1,81344,61,23,4,2,6,0.5529999999999999,8899.0,0.149,0.03364722659323367,3.68,-0.006146734854445318,0.5800000000000001,3432.2727272727275,-4944.25,-938.0869565217391,-18000,16203,0.4782608695652174,35119.3478,23,1000,11204.96498494304,0,44376.0000,0,44,236,0,False
20220,12,1685,True,1,0,0,1,81344,61,23,4,2,6,0.5529999999999999,8899.0,0.149,0.03364722659323367,3.68,-0.006146734854445318,0.5800000000000001,10138.047619047618,-6098.217391304348,1650.909090909091,-26000,49397,0.4772727272727273,39566.4318,44,500,25255.217426214167,0,31310.5000,0,22,343,0,False
93600,24,3900,True,1,0,1,1,81344,61,23,4,2,6,0.5529999999999999,8899.0,0.149,0.03364722659323367,3.68,-0.006146734854445318,0.5800000000000001,9908.947368421053,-5840.291666666667,1118.6744186046512,-34500,45287,0.4418604651162791,42086.8140,43,900,21523.000918169524,0,26236.0000,0,24,308,0,False
45336,24,1889,True,1,0,1,5,51428,50,11,3,1,4,0.527,8402.0,0.12,0.020397448860542896,3.5549999999999997,0.0019444660496227735,0.8500000000000001,10959.424242424242,-5516.333333333333,1454.179487179487,-19900,30436,0.4230769230769231,47719.3718,78,800,12045.0643260291,0,40390.0000,0,38,489,0,False
182040,60,3034,True,1,1,0,5,51428,50,11,3,1,4,0.527,8402.0,0.12,0.020397448860542896,3.5549999999999997,0.0019444660496227735,0.8500000000000001,21624.85714285714,-12984.714285714286,1847.9591836734694,-45700,61557,0.42857142857142855,68333.7143,49,37464,19974.750283744706,0,38748.0000,0,44,362,0,False
189696,24,7904,True,2,1,1,5,51428,50,11,3,1,4,0.527,8402.0,0.12,0.020397448860542896,3.5549999999999997,0.0019444660496227735,0.8500000000000001,16283.04,-6596.377777777778,1574.8428571428572,-57600,49775,0.35714285714285715,54792.1000,70,700,24454.154122211163,0,88647.0000,0,50,267,0,False
396120,60,6602,True,2,0,0,5,51428,50,11,3,1,4,0.527,8402.0,0.12,0.020397448860542896,3.5549999999999997,0.0019444660496227735,0.8500000000000001,18579.48275862069,-8457.4,2905.927536231884,-37000,59415,0.42028985507246375,56586.8986,69,500,19695.528394253317,0,88610.0000,0,46,550,0,False
63252,12,5271,True,1,0,0,1,94725,38,28,1,3,6,0.634,9920.0,0.13,0.048218527315914486,2.565,0.005880179466877804,0.6100000000000003,14790.0,-6640.108695652174,-146.13636363636363,-31800,47436,0.30303030303030304,48607.7045,132,13098,18677.54472165368,0,49709.0000,0,46,672,0,False
154656,48,3222,True,1,0,1,4,161227,5,35,11,4,10,0.6970000000000001,8678.0,0.102,0.029694157926401905,5.75,-0.002387937504264174,-0.35999999999999943,5863.583333333333,-4381.90243902439,-598.9538461538461,-17585,19329,0.36923076923076925,30886.5846,65,1000,9772.767766199659,0,37181.0000,0,39,454,0,False
215616,48,4492,True,1,0,1,4,42821,4,13,5,1,3,0.484,8173.0,0.124,0.03171341164381962,7.01,0.0,0.0,4131.56,-3953.4347826086955,257.5,-13100,23130,0.5208333333333334,20710.5000,48,-3425,13328.806201231979,1,12041.0000,0,39,303,1,False
388512,48,8094,True,0,0,0,4,42821,4,13,5,1,3,0.484,8173.0,0.124,0.03171341164381962,7.01,0.0,0.0,7043.363636363636,-6388.275862068966,-594.2352941176471,-44700,28975,0.43137254901960786,21570.1078,102,-2839,20314.197982801303,1,38697.0000,0,27,646,1,False
84120,24,3505,True,2,0,0,4,42821,4,13,5,1,3,0.484,8173.0,0.124,0.03171341164381962,7.01,0.0,0.0,15580.272727272728,-17405.0,3938.4117647058824,-36300,47952,0.6470588235294118,61032.9412,17,14301,20263.139314501408,0,54741.0000,0,46,105,0,False
66480,24,2770,True,2,0,1,4,182027,17,49,12,2,7,0.564,8746.0,0.09,0.024139276041466377,3.535,0.0004285078587242552,0.41000000000000014,5976.833333333333,-16866.666666666668,-1637.6666666666667,-28000,26100,0.6666666666666666,30048.0000,9,900,15368.610130175512,0,34891.0000,0,60,139,1,False
139464,36,3874,True,1,0,1,4,182027,17,49,12,2,7,0.564,8746.0,0.09,0.024139276041466377,3.535,0.0004285078587242552,0.41000000000000014,4865.625,-10650.0,-306.25,-23400,33604,0.6666666666666666,31826.2500,24,300,13477.499298985946,0,53363.0000,0,38,396,1,False
284280,60,4738,True,1,1,0,3,114006,71,26,6,2,9,0.623,9065.0,0.123,0.03645860744171359,4.925,0.00016665789519849832,0.9299999999999997,18472.34375,-10319.0,916.6463414634146,-56800,56756,0.3902439024390244,62758.2927,82,300,20151.410714696514,0,94617.0000,0,37,561,0,False
155880,24,6495,True,1,1,0,3,114006,71,26,6,2,9,0.623,9065.0,0.123,0.03645860744171359,4.925,0.00016665789519849832,0.9299999999999997,16664.68181818182,-8028.528571428571,1502.1842105263158,-60700,49818,0.38596491228070173,65659.3947,114,11300,26872.486054796558,0,44565.0000,0,27,641,0,False
68544,24,2856,True,2,1,1,3,114006,71,26,6,2,9,0.623,9065.0,0.123,0.03645860744171359,4.925,0.00016665789519849832,0.9299999999999997,12956.2,-6799.625,798.7692307692307,-34800,44342,0.38461538461538464,45810.7436,39,900,21516.116650760327,0,23745.0000,0,20,258,0,False
194940,36,5415,True,1,0,1,1,112065,95,19,7,1,8,0.6940000000000001,11277.0,0.127,0.045357604961406325,1.345,-0.001713291393387766,0.18999999999999995,15502.90625,-9971.891304347826,479.3076923076923,-58700,48883,0.41025641025641024,58153.6795,78,600,36043.345022665584,0,34212.0000,0,31,468,0,False
110112,24,4588,True,1,0,1,6,107911,88,33,6,2,7,0.509,8240.0,0.099,0.01738933009609771,3.045,0.00049114548099823,1.0300000000000002,20016.571428571428,-14173.53125,3686.9701492537315,-52500,45549,0.5223880597014925,77528.0448,67,700,28352.10575107929,0,135658.0000,0,33,330,0,False
